version,case,gain,r,R,G,B,satWidth
v1,point,30,0,255,255,255,6
v1,point,30,1,255,255,255,6
v1,point,30,2,255,255,255,4
v1,point,30,3,177,176,175,0
v1,point,30,4,148,146,144,0
v1,point,30,5,142,139,137,0
v1,point,30,6,137,134,132,0
v1,point,30,7,132,129,125,0
v1,point,30,8,128,125,121,0
v1,point,30,9,124,120,116,0
v1,point,30,10,120,116,112,0
v1,point,30,11,117,113,108,0
v1,point,30,12,114,109,104,0
v1,point,30,13,110,105,100,0
v1,point,30,14,107,102,97,0
v1,point,30,15,104,99,93,0
v1,point,30,16,101,96,90,0
v1,point,30,17,98,93,87,0
v1,point,30,18,95,90,84,0
v1,point,30,19,93,87,82,0
v1,point,30,20,91,85,79,0
v1,point,30,21,88,82,76,0
v1,point,30,22,86,80,75,0
v1,point,30,23,84,78,72,0
v1,point,30,24,81,75,69,0
v1,point,30,25,79,73,67,0
v1,point,30,26,77,71,65,0
v1,point,30,27,75,70,64,0
v1,point,30,28,73,67,62,0
v1,point,30,29,72,66,60,0
v1,point,30,30,70,64,59,0
v1,point,30,31,69,63,57,0
v1,point,30,32,67,61,56,0
v1,point,30,33,65,59,54,0
v1,point,30,34,64,58,53,0
v1,point,30,35,62,57,52,0
v1,point,30,36,61,56,51,0
v1,point,30,37,59,54,49,0
v1,point,30,38,58,53,48,0
v1,point,30,39,57,52,47,0
v1,point,30,40,56,51,46,0
v1,point,30,41,55,49,45,0
v1,point,30,42,54,49,45,0
v1,point,30,43,53,48,44,0
v1,point,30,44,51,46,42,0
v1,point,30,45,50,45,41,0
v1,point,30,46,49,44,40,0
v1,point,30,47,49,44,40,0
v1,point,30,48,48,44,40,0
v1,point,30,49,47,42,38,0
v1,point,30,50,46,42,38,0
v1,point,30,51,46,41,37,0
v1,point,30,52,45,41,37,0
v1,point,30,53,43,39,35,0
v1,point,30,54,43,39,35,0
v1,point,30,55,43,39,35,0
v1,point,30,56,42,38,35,0
v1,point,30,57,41,37,33,0
v1,point,30,58,41,37,33,0
v1,point,30,59,40,36,32,0
v1,point,30,60,40,36,32,0
v1,point,30,61,38,35,31,0
v1,point,30,62,38,35,31,0
v1,point,30,63,38,34,30,0
v1,point,30,64,37,33,30,0
v1,point,30,65,37,33,30,0
v1,point,30,66,36,32,29,0
v1,point,30,67,35,32,29,0
v1,point,30,68,35,31,28,0
v1,point,30,69,35,31,28,0
v1,point,30,70,34,31,28,0
v1,point,30,71,34,30,27,0
v1,point,30,72,33,29,26,0
v1,point,30,73,33,30,27,0
v1,point,30,74,32,29,26,0
v1,point,30,75,32,29,26,0
v1,point,30,76,32,28,25,0
v1,point,30,77,32,28,25,0
v1,point,30,78,31,27,24,0
v1,point,30,79,31,28,25,0
v1,point,30,80,30,27,23,0
v1,point,30,81,30,26,23,0
v1,point,30,82,29,26,23,0
v1,point,30,83,29,26,23,0
v1,point,30,84,29,26,23,0
v1,point,30,85,28,25,22,0
v1,point,30,86,28,25,22,0
v1,point,30,87,28,25,22,0
v1,point,30,88,28,24,21,0
v1,point,30,89,27,24,21,0
v1,point,30,90,27,24,21,0
v1,point,30,91,26,23,20,0
v1,point,30,92,26,23,20,0
v1,point,30,93,25,22,19,0
v1,point,30,94,26,23,20,0
v1,point,30,95,25,22,19,0
v1,point,30,96,25,22,19,0
v1,point,30,97,25,22,19,0
v1,point,30,98,24,21,18,0
v1,point,30,99,24,21,18,0
v1,point,30,100,24,21,19,0
v1,point,30,101,24,21,18,0
v1,point,30,102,23,20,17,0
v1,point,30,103,23,20,17,0
v1,point,30,104,22,19,17,0
v1,point,30,105,23,20,17,0
v1,point,30,106,22,19,16,0
v1,point,30,107,22,19,17,0
v1,point,30,108,22,19,16,0
v1,point,30,109,22,19,16,0
v1,point,30,110,21,18,15,0
v1,point,30,111,21,18,15,0
v1,point,30,112,21,18,16,0
v1,point,30,113,21,18,15,0
v1,point,30,114,21,18,15,0
v1,point,30,115,20,17,14,0
v1,point,30,116,20,17,15,0
v1,point,30,117,20,17,14,0
v1,point,30,118,20,17,15,0
v1,point,30,119,19,17,14,0
v1,point,30,120,19,16,13,0
v1,point,30,121,19,16,14,0
v1,point,30,122,18,16,13,0
v1,point,30,123,19,16,14,0
v1,point,30,124,18,15,13,0
v1,point,30,125,18,16,13,0
v1,point,30,126,18,15,13,0
v1,point,30,127,18,15,13,0
v1,point,30,128,17,15,12,0
v1,point,30,129,18,15,13,0
v1,point,30,130,17,15,12,0
v1,point,30,131,17,14,12,0
v1,point,30,132,16,14,11,0
v1,point,30,133,17,14,12,0
v1,point,30,134,16,14,11,0
v1,point,30,135,16,14,11,0
v1,point,30,136,16,14,11,0
v1,point,30,137,16,13,11,0
v1,point,30,138,15,13,10,0
v1,point,30,139,15,13,10,0
v1,point,30,140,15,13,10,0
v1,point,30,141,15,12,10,0
v1,point,30,142,15,13,10,0
v1,point,30,143,15,12,10,0
v1,point,30,144,15,12,10,0
v1,point,30,145,15,12,10,0
v1,point,30,146,15,12,10,0
v1,point,30,147,15,12,10,0
v1,point,30,148,14,12,9,0
v1,point,30,149,14,11,9,0
v1,point,30,150,14,11,9,0
v1,point,30,151,13,11,9,0
v1,point,30,152,14,11,9,0
v1,point,30,153,14,11,9,0
v1,point,30,154,14,11,9,0
v1,point,30,155,13,10,8,0
v1,point,30,156,13,10,8,0
v1,point,30,157,13,11,8,0
v1,point,30,158,13,11,8,0
v1,point,30,159,12,10,8,0
v1,point,30,160,12,10,8,0
v1,point,30,161,13,10,8,0
v1,point,30,162,13,10,8,0
v1,point,30,163,12,9,7,0
v1,point,30,164,12,9,7,0
v1,point,30,165,12,10,8,0
v1,point,30,166,11,9,7,0
v1,point,30,167,12,9,7,0
v1,point,30,168,11,9,7,0
v1,point,30,169,11,9,7,0
v1,point,30,170,11,9,7,0
v1,point,30,171,11,9,7,0
v1,point,30,172,11,9,7,0
v1,point,30,173,11,9,7,0
v1,point,30,174,11,8,7,0
v1,point,30,175,10,8,6,0
v1,point,30,176,11,9,7,0
v1,point,30,177,10,8,6,0
v1,point,30,178,10,8,7,0
v1,point,30,179,10,8,6,0
v1,point,30,180,10,8,6,0
v1,point,30,181,10,8,6,0
v1,point,30,182,10,8,6,0
v1,point,30,183,9,7,5,0
v1,point,30,184,10,8,6,0
v1,point,30,185,10,8,6,0
v1,point,30,186,9,7,6,0
v1,point,30,187,10,8,6,0
v1,point,30,188,9,7,5,0
v1,point,30,189,9,7,6,0
v1,point,30,190,9,7,5,0
v1,point,30,191,8,6,5,0
v1,point,30,192,9,7,5,0
v1,point,30,193,9,7,5,0
v1,point,30,194,9,7,5,0
v1,point,30,195,8,6,5,0
v1,point,30,196,8,6,5,0
v1,point,30,197,8,6,5,0
v1,point,30,198,8,6,5,0
v1,point,30,199,8,6,5,0
v1,point,30,200,8,6,4,0
v1,point,30,201,8,6,5,0
v1,point,30,202,8,6,5,0
v1,point,30,203,7,6,4,0
v1,point,30,204,8,6,5,0
v1,point,30,205,8,6,4,0
v1,point,30,206,8,6,5,0
v1,point,30,207,8,6,4,0
v1,point,30,208,7,5,4,0
v1,point,30,209,7,6,4,0
v1,point,30,210,7,5,4,0
v1,point,30,211,7,5,4,0
v1,point,30,212,7,6,4,0
v1,point,30,213,7,5,4,0
v1,point,30,214,7,5,4,0
v1,point,30,215,7,5,3,0
v1,point,30,216,7,6,4,0
v1,point,30,217,6,5,3,0
v1,point,30,218,7,5,4,0
v1,point,30,219,6,5,3,0
v1,point,30,220,7,5,4,0
v1,point,30,221,6,5,3,0
v1,point,30,222,6,5,3,0
v1,point,30,223,6,5,3,0
v1,point,30,224,6,5,3,0
v1,point,30,225,6,4,3,0
v1,point,30,226,6,5,4,0
v1,point,30,227,6,4,3,0
v1,point,30,228,6,5,4,0
v1,point,30,229,5,4,3,0
v1,point,30,230,6,4,3,0
v1,point,30,231,6,5,3,0
v1,point,30,232,5,4,3,0
v1,point,30,233,6,5,3,0
v1,point,30,234,6,4,3,0
v1,point,30,235,6,4,3,0
v1,point,30,236,5,4,3,0
v1,point,30,237,6,4,3,0
v1,point,30,238,5,4,2,0
v1,point,30,239,5,4,3,0
v1,point,30,240,5,4,2,0
v1,point,30,241,6,4,3,0
v1,point,30,242,5,3,2,0
v1,point,30,243,5,3,2,0
v1,point,30,244,5,4,3,0
v1,point,30,245,5,4,3,0
v1,point,30,246,5,4,3,0
v1,point,30,247,5,4,3,0
v1,point,30,248,5,4,3,0
v1,point,30,249,5,3,2,0
v1,point,30,250,5,3,2,0
v1,point,30,251,5,3,2,0
v1,point,30,252,4,3,2,0
v1,point,30,253,4,3,2,0
v1,point,30,254,5,3,3,0
v1,point,30,255,5,3,2,0
v1,point,30,256,5,3,2,0
v1,point,30,257,5,3,3,0
v1,point,30,258,5,3,2,0
v1,point,30,259,4,3,2,0
v1,point,30,260,4,3,2,0
v1,point,30,261,4,3,2,0
v1,point,30,262,4,3,2,0
v1,point,30,263,4,2,1,0
v1,point,30,264,4,3,2,0
v1,point,30,265,4,3,2,0
v1,point,30,266,3,2,1,0
v1,point,30,267,4,3,2,0
v1,point,30,268,4,3,2,0
v1,point,30,269,4,3,2,0
v1,point,30,270,4,3,2,0
v1,point,30,271,4,3,2,0
v1,point,30,272,3,2,1,0
v1,point,30,273,3,2,1,0
v1,point,30,274,3,2,1,0
v1,point,30,275,3,2,1,0
v1,point,30,276,4,3,2,0
v1,point,30,277,4,3,2,0
v1,point,30,278,3,2,1,0
v1,point,30,279,4,3,2,0
v1,point,30,280,4,3,2,0
v1,point,30,281,3,2,1,0
v1,point,30,282,3,2,1,0
v1,point,30,283,3,2,1,0
v1,point,30,284,3,2,2,0
v1,point,30,285,3,2,1,0
v1,point,30,286,3,2,1,0
v1,point,30,287,4,3,2,0
v1,point,30,288,3,2,1,0
v1,point,30,289,3,2,2,0
v1,point,30,290,3,2,2,0
v1,point,30,291,3,2,1,0
v1,point,30,292,3,2,1,0
v1,point,30,293,3,2,1,0
v1,point,30,294,3,2,2,0
v1,point,30,295,3,2,1,0
v1,point,30,296,3,2,1,0
v1,point,30,297,3,2,1,0
v1,point,30,298,3,2,2,0
v1,point,30,299,3,2,1,0
v1,point,30,300,3,2,1,0
v1,point,30,301,3,2,1,0
v1,point,30,302,2,2,1,0
v1,point,30,303,3,2,2,0
v1,point,30,304,3,2,1,0
v1,point,30,305,2,2,1,0
v1,point,30,306,2,2,1,0
v1,point,30,307,2,1,1,0
v1,point,30,308,3,2,1,0
v1,point,30,309,2,1,1,0
v1,point,30,310,2,2,1,0
v1,point,30,311,3,2,1,0
v1,point,30,312,3,2,1,0
v1,point,30,313,2,1,1,0
v1,point,30,314,2,1,1,0
v1,point,30,315,2,2,1,0
v1,point,30,316,2,1,1,0
v1,point,30,317,2,1,1,0
v1,point,30,318,3,2,1,0
v1,point,30,319,2,1,1,0
v1,point,30,320,2,1,1,0
v1,point,30,321,3,2,1,0
v1,point,30,322,3,2,1,0
v1,point,30,323,2,1,1,0
v1,point,30,324,2,1,1,0
v1,point,30,325,2,2,1,0
v1,point,30,326,2,1,1,0
v1,point,30,327,2,2,1,0
v1,point,30,328,2,1,1,0
v1,point,30,329,2,2,1,0
v1,point,30,330,2,1,0,0
v1,point,30,331,2,1,1,0
v1,point,30,332,2,1,1,0
v1,point,30,333,1,1,0,0
v1,point,30,334,2,2,1,0
v1,point,30,335,2,1,1,0
v1,point,30,336,1,1,0,0
v1,point,30,337,1,1,0,0
v1,point,30,338,2,1,1,0
v1,point,30,339,2,1,1,0
v1,point,30,340,2,1,1,0
v1,point,30,341,2,1,1,0
v1,point,30,342,2,1,0,0
v1,point,30,343,1,1,0,0
v1,point,30,344,1,1,0,0
v1,point,30,345,2,1,1,0
v1,point,30,346,2,1,1,0
v1,point,30,347,2,1,1,0
v1,point,30,348,1,1,0,0
v1,point,30,349,2,1,1,0
v1,point,30,350,1,1,0,0
v1,point,30,351,2,1,1,0
v1,point,30,352,1,1,0,0
v1,point,30,353,1,1,0,0
v1,point,30,354,2,1,1,0
v1,point,30,355,2,1,1,0
v1,point,30,356,1,1,0,0
v1,point,30,357,2,1,1,0
v1,point,30,358,1,1,1,0
v1,point,30,359,2,1,1,0
v1,point,30,360,1,1,1,0
v1,point,30,361,1,1,0,0
v1,point,30,362,1,1,0,0
v1,point,30,363,1,1,0,0
v1,point,30,364,1,1,1,0
v1,point,30,365,2,1,1,0
v1,point,30,366,1,1,0,0
v1,point,30,367,1,0,0,0
v1,point,30,368,2,1,1,0
v1,point,30,369,2,1,1,0
v1,point,30,370,1,1,0,0
v1,point,30,371,2,1,1,0
v1,point,30,372,1,1,1,0
v1,point,30,373,1,0,0,0
v1,point,30,374,1,1,0,0
v1,point,30,375,1,0,0,0
v1,point,30,376,2,1,1,0
v1,point,30,377,1,0,0,0
v1,point,30,378,1,1,0,0
v1,point,30,379,1,1,1,0
v1,point,30,380,1,1,0,0
v1,point,30,381,2,1,1,0
v1,point,30,382,1,0,0,0
v1,point,30,383,1,1,0,0
v1,point,30,384,1,0,0,0
v1,point,30,385,1,1,0,0
v1,point,30,386,1,1,1,0
v1,point,30,387,1,1,0,0
v1,point,30,388,1,1,1,0
v1,point,30,389,1,1,1,0
v1,point,30,390,1,1,0,0
v1,point,30,391,1,1,1,0
v1,point,30,392,1,0,0,0
v1,point,30,393,1,1,1,0
v1,point,30,394,1,1,1,0
v1,point,30,395,1,0,0,0
v1,point,30,396,1,1,1,0
v1,point,30,397,1,0,0,0
v1,point,30,398,1,0,0,0
v1,point,30,399,1,1,1,0
v1,point,30,400,1,0,0,0
v1,point,30,401,1,1,0,0
v1,point,30,402,1,1,1,0
v1,point,30,403,1,0,0,0
v1,point,30,404,1,1,0,0
v1,point,30,405,1,1,1,0
v1,point,30,406,0,0,0,0
v1,point,30,407,1,1,0,0
v1,point,30,408,1,0,0,0
v1,point,30,409,1,0,0,0
v1,point,30,410,1,1,1,0
v1,point,30,411,1,0,0,0
v1,point,30,412,1,1,1,0
v1,point,30,413,1,1,1,0
v1,point,30,414,0,0,0,0
v1,point,30,415,0,0,0,0
v1,point,30,416,1,1,0,0
v1,point,30,417,0,0,0,0
v1,point,30,418,1,1,1,0
v1,point,30,419,1,0,0,0
v1,point,30,420,1,1,1,0
v1,point,30,421,1,1,1,0
v1,point,30,422,1,1,0,0
v1,point,30,423,1,0,0,0
v1,point,30,424,1,0,0,0
v1,point,30,425,0,0,0,0
v1,point,30,426,1,1,0,0
v1,point,30,427,1,1,0,0
v1,point,30,428,1,1,0,0
v1,point,30,429,1,0,0,0
v1,point,30,430,1,1,1,0
v1,point,30,431,0,0,0,0
v1,point,30,432,0,0,0,0
v1,point,30,433,1,0,0,0
v1,point,30,434,0,0,0,0
v1,point,30,435,1,0,0,0
v1,point,30,436,1,0,0,0
v1,point,30,437,0,0,0,0
v1,point,30,438,1,1,0,0
v1,point,30,439,1,0,0,0
v1,point,30,440,0,0,0,0
v1,point,30,441,1,0,0,0
v1,point,30,442,0,0,0,0
v1,point,30,443,1,1,0,0
v1,point,30,444,1,1,1,0
v1,point,30,445,1,1,1,0
v1,point,30,446,0,0,0,0
v1,point,30,447,1,1,1,0
v1,point,30,448,0,0,0,0
v1,point,30,449,1,1,1,0
v1,point,30,450,0,0,0,0
v1,point,30,451,1,1,0,0
v1,point,30,452,1,1,1,0
v1,point,30,453,0,0,0,0
v1,point,30,454,0,0,0,0
v1,point,30,455,1,1,1,0
v1,point,30,456,1,1,1,0
v1,point,30,457,1,1,0,0
v1,point,30,458,0,0,0,0
v1,point,30,459,0,0,0,0
v1,point,30,460,0,0,0,0
v1,point,30,461,0,0,0,0
v1,point,30,462,0,0,0,0
v1,point,30,463,0,0,0,0
v1,point,30,464,0,0,0,0
v1,point,30,465,0,0,0,0
v1,point,30,466,0,0,0,0
v1,point,30,467,0,0,0,0
v1,point,30,468,0,0,0,0
v1,point,30,469,0,0,0,0
v1,point,30,470,0,0,0,0
v1,point,30,471,0,0,0,0
v1,point,30,472,0,0,0,0
v1,point,30,473,0,0,0,0
v1,point,30,474,0,0,0,0
v1,point,30,475,0,0,0,0
v1,point,30,476,0,0,0,0
v1,point,30,477,0,0,0,0
v1,point,30,478,0,0,0,0
v1,point,30,479,0,0,0,0
v1,point,30,480,0,0,0,0
v1,point,30,481,0,0,0,0
v1,point,30,482,0,0,0,0
v1,point,30,483,0,0,0,0
v1,point,30,484,0,0,0,0
v1,point,30,485,0,0,0,0
v1,point,30,486,0,0,0,0
v1,point,30,487,0,0,0,0
v1,point,30,488,0,0,0,0
v1,point,30,489,0,0,0,0
v1,point,30,490,0,0,0,0
v1,point,30,491,0,0,0,0
v1,point,30,492,0,0,0,0
v1,point,30,493,0,0,0,0
v1,point,30,494,0,0,0,0
v1,point,30,495,0,0,0,0
v1,point,30,496,0,0,0,0
v1,point,30,497,0,0,0,0
v1,point,30,498,0,0,0,0
v1,point,30,499,0,0,0,0
v1,point,30,500,0,0,0,0
v1,point,30,501,0,0,0,0
v1,point,30,502,0,0,0,0
v1,point,30,503,0,0,0,0
v1,point,30,504,0,0,0,0
v1,point,30,505,0,0,0,0
v1,point,30,506,0,0,0,0
v1,point,30,507,0,0,0,0
v1,point,30,508,0,0,0,0
v1,point,30,509,0,0,0,0
v1,point,30,510,0,0,0,0
v1,point,30,511,0,0,0,0
v1,point,30,512,0,0,0,0
v1,point,30,513,0,0,0,0
v1,point,30,514,0,0,0,0
v1,point,30,515,0,0,0,0
v1,point,30,516,0,0,0,0
v1,point,30,517,0,0,0,0
v1,point,30,518,0,0,0,0
v1,point,30,519,0,0,0,0
v1,point,30,520,0,0,0,0
v1,point,30,521,0,0,0,0
v1,point,30,522,0,0,0,0
v1,point,30,523,0,0,0,0
v1,point,30,524,0,0,0,0
v1,point,30,525,0,0,0,0
v1,point,30,526,0,0,0,0
v1,point,30,527,0,0,0,0
v1,point,30,528,0,0,0,0
v1,point,30,529,0,0,0,0
v1,point,30,530,0,0,0,0
v1,point,30,531,0,0,0,0
v1,point,30,532,0,0,0,0
v1,point,30,533,0,0,0,0
v1,point,30,534,0,0,0,0
v1,point,30,535,0,0,0,0
v1,point,30,536,0,0,0,0
v1,point,30,537,0,0,0,0
v1,point,30,538,0,0,0,0
v1,point,30,539,0,0,0,0
v1,point,30,540,0,0,0,0
v1,point,30,541,0,0,0,0
v1,point,30,542,0,0,0,0
v1,point,30,543,0,0,0,0
v1,point,30,544,0,0,0,0
v1,point,30,545,0,0,0,0
v1,point,30,546,0,0,0,0
v1,point,30,547,0,0,0,0
v1,point,30,548,0,0,0,0
v1,point,30,549,0,0,0,0
v1,point,30,550,0,0,0,0
v1,point,30,551,0,0,0,0
v1,point,30,552,0,0,0,0
v1,point,30,553,0,0,0,0
v1,point,30,554,0,0,0,0
v1,point,30,555,0,0,0,0
v1,point,30,556,0,0,0,0
v1,point,30,557,0,0,0,0
v1,point,30,558,0,0,0,0
v1,point,30,559,0,0,0,0
v1,point,30,560,0,0,0,0
v1,point,30,561,0,0,0,0
v1,point,30,562,0,0,0,0
v1,point,30,563,0,0,0,0
v1,point,30,564,0,0,0,0
v1,point,30,565,0,0,0,0
v1,point,30,566,0,0,0,0
v1,point,30,567,0,0,0,0
v1,point,30,568,0,0,0,0
v1,point,30,569,0,0,0,0
v1,point,30,570,0,0,0,0
v1,point,30,571,0,0,0,0
v1,point,30,572,0,0,0,0
v1,point,30,573,0,0,0,0
v1,point,30,574,0,0,0,0
v1,point,30,575,0,0,0,0
v1,point,30,576,0,0,0,0
v1,point,30,577,0,0,0,0
v1,point,30,578,0,0,0,0
v1,point,30,579,0,0,0,0
v1,point,30,580,0,0,0,0
v1,point,30,581,0,0,0,0
v1,point,30,582,0,0,0,0
v1,point,30,583,0,0,0,0
v1,point,30,584,0,0,0,0
v1,point,30,585,0,0,0,0
v1,point,30,586,0,0,0,0
v1,point,30,587,0,0,0,0
v1,point,30,588,0,0,0,0
v1,point,30,589,0,0,0,0
v1,point,30,590,0,0,0,0
v1,point,30,591,0,0,0,0
v1,point,30,592,0,0,0,0
v1,point,30,593,0,0,0,0
v1,point,30,594,0,0,0,0
v1,point,30,595,0,0,0,0
v1,point,30,596,0,0,0,0
v1,point,30,597,0,0,0,0
v1,point,30,598,0,0,0,0
v1,point,30,599,0,0,0,0
v1,point,30,600,0,0,0,0
v1,point,30,601,0,0,0,0
v1,point,30,602,0,0,0,0
v1,point,30,603,0,0,0,0
v1,point,30,604,0,0,0,0
v1,point,30,605,0,0,0,0
v1,point,30,606,0,0,0,0
v1,point,30,607,0,0,0,0
v1,point,30,608,0,0,0,0
v1,point,30,609,0,0,0,0
v1,point,30,610,0,0,0,0
v1,point,30,611,0,0,0,0
v1,point,30,612,0,0,0,0
v1,point,30,613,0,0,0,0
v1,point,30,614,0,0,0,0
v1,point,30,615,0,0,0,0
v1,point,30,616,0,0,0,0
v1,point,30,617,0,0,0,0
v1,point,30,618,0,0,0,0
v1,point,30,619,0,0,0,0
v1,point,30,620,0,0,0,0
v1,point,30,621,0,0,0,0
v1,point,30,622,0,0,0,0
v1,point,30,623,0,0,0,0
v1,point,30,624,0,0,0,0
v1,point,30,625,0,0,0,0
v1,point,30,626,0,0,0,0
v1,point,30,627,0,0,0,0
v1,point,30,628,0,0,0,0
v1,point,30,629,0,0,0,0
v1,point,30,630,0,0,0,0
v1,point,30,631,0,0,0,0
v1,point,30,632,0,0,0,0
v1,point,30,633,0,0,0,0
v1,point,30,634,0,0,0,0
v1,point,30,635,0,0,0,0
v1,point,30,636,0,0,0,0
v1,point,30,637,0,0,0,0
v1,point,30,638,0,0,0,0
v1,point,30,639,0,0,0,0
v1,point,30,640,0,0,0,0
v1,point,30,641,0,0,0,0
v1,point,30,642,0,0,0,0
v1,point,30,643,0,0,0,0
v1,point,30,644,0,0,0,0
v1,point,30,645,0,0,0,0
v1,point,30,646,0,0,0,0
v1,point,30,647,0,0,0,0
v1,point,30,648,0,0,0,0
v1,point,30,649,0,0,0,0
v1,point,30,650,0,0,0,0
v1,point,30,651,0,0,0,0
v1,point,30,652,0,0,0,0
v1,point,30,653,0,0,0,0
v1,point,30,654,0,0,0,0
v1,point,30,655,0,0,0,0
v1,point,30,656,0,0,0,0
v1,point,30,657,0,0,0,0
v1,point,30,658,0,0,0,0
v1,point,30,659,0,0,0,0
v1,point,30,660,0,0,0,0
v1,point,30,661,0,0,0,0
v1,point,30,662,0,0,0,0
v1,point,30,663,0,0,0,0
v1,point,30,664,0,0,0,0
v1,point,30,665,0,0,0,0
v1,point,30,666,0,0,0,0
v1,point,30,667,0,0,0,0
v1,point,30,668,0,0,0,0
v1,point,30,669,0,0,0,0
v1,point,30,670,0,0,0,0
v1,point,30,671,0,0,0,0
v1,point,30,672,0,0,0,0
v1,point,30,673,0,0,0,0
v1,point,30,674,0,0,0,0
v1,point,30,675,0,0,0,0
v1,point,30,676,0,0,0,0
v1,point,30,677,0,0,0,0
v1,point,30,678,0,0,0,0
v1,point,30,679,0,0,0,0
v1,point,30,680,0,0,0,0
v1,point,30,681,0,0,0,0
v1,point,30,682,0,0,0,0
v1,point,30,683,0,0,0,0
v1,point,30,684,0,0,0,0
v1,point,30,685,0,0,0,0
v1,point,30,686,0,0,0,0
v1,point,30,687,0,0,0,0
v1,point,30,688,0,0,0,0
v1,point,30,689,0,0,0,0
v1,point,30,690,0,0,0,0
v1,point,30,691,0,0,0,0
v1,point,30,692,0,0,0,0
v1,point,30,693,0,0,0,0
v1,point,30,694,0,0,0,0
v1,point,30,695,0,0,0,0
v1,point,30,696,0,0,0,0
v1,point,30,697,0,0,0,0
v1,point,30,698,0,0,0,0
v1,point,30,699,0,0,0,0
v1,point,60,0,255,255,255,6
v1,point,60,1,255,255,255,6
v1,point,60,2,255,255,255,4
v1,point,60,3,227,226,225,0
v1,point,60,4,214,212,210,0
v1,point,60,5,208,206,203,0
v1,point,60,6,204,201,198,0
v1,point,60,7,199,195,191,0
v1,point,60,8,195,191,187,0
v1,point,60,9,190,186,181,0
v1,point,60,10,185,180,175,0
v1,point,60,11,182,176,170,0
v1,point,60,12,177,171,165,0
v1,point,60,13,173,167,160,0
v1,point,60,14,169,162,155,0
v1,point,60,15,165,158,150,0
v1,point,60,16,161,153,146,0
v1,point,60,17,157,149,141,0
v1,point,60,18,153,145,137,0
v1,point,60,19,150,142,133,0
v1,point,60,20,147,138,130,0
v1,point,60,21,143,134,126,0
v1,point,60,22,140,131,122,0
v1,point,60,23,136,128,119,0
v1,point,60,24,133,124,115,0
v1,point,60,25,129,120,112,0
v1,point,60,26,126,117,109,0
v1,point,60,27,124,115,106,0
v1,point,60,28,121,112,103,0
v1,point,60,29,118,109,101,0
v1,point,60,30,116,106,98,0
v1,point,60,31,113,104,96,0
v1,point,60,32,111,102,93,0
v1,point,60,33,108,99,91,0
v1,point,60,34,106,97,89,0
v1,point,60,35,104,95,87,0
v1,point,60,36,102,93,85,0
v1,point,60,37,99,91,83,0
v1,point,60,38,97,88,81,0
v1,point,60,39,96,87,79,0
v1,point,60,40,94,85,78,0
v1,point,60,41,92,83,76,0
v1,point,60,42,90,82,75,0
v1,point,60,43,89,81,73,0
v1,point,60,44,86,78,71,0
v1,point,60,45,85,77,70,0
v1,point,60,46,83,75,68,0
v1,point,60,47,82,75,68,0
v1,point,60,48,81,73,67,0
v1,point,60,49,79,71,65,0
v1,point,60,50,78,71,64,0
v1,point,60,51,77,70,63,0
v1,point,60,52,76,68,62,0
v1,point,60,53,74,67,60,0
v1,point,60,54,73,66,60,0
v1,point,60,55,72,65,59,0
v1,point,60,56,71,64,58,0
v1,point,60,57,69,62,56,0
v1,point,60,58,69,62,56,0
v1,point,60,59,67,61,55,0
v1,point,60,60,67,60,55,0
v1,point,60,61,65,59,53,0
v1,point,60,62,65,58,53,0
v1,point,60,63,64,57,52,0
v1,point,60,64,62,56,50,0
v1,point,60,65,62,56,51,0
v1,point,60,66,61,55,49,0
v1,point,60,67,60,54,49,0
v1,point,60,68,59,53,48,0
v1,point,60,69,59,53,47,0
v1,point,60,70,58,52,47,0
v1,point,60,71,57,51,46,0
v1,point,60,72,56,50,45,0
v1,point,60,73,56,50,45,0
v1,point,60,74,55,49,44,0
v1,point,60,75,54,49,44,0
v1,point,60,76,54,48,43,0
v1,point,60,77,53,48,42,0
v1,point,60,78,52,47,41,0
v1,point,60,79,52,47,41,0
v1,point,60,80,51,45,40,0
v1,point,60,81,51,45,40,0
v1,point,60,82,49,44,39,0
v1,point,60,83,49,44,39,0
v1,point,60,84,49,44,39,0
v1,point,60,85,48,43,38,0
v1,point,60,86,48,43,38,0
v1,point,60,87,47,42,37,0
v1,point,60,88,47,41,36,0
v1,point,60,89,46,41,36,0
v1,point,60,90,45,40,35,0
v1,point,60,91,45,39,34,0
v1,point,60,92,44,39,34,0
v1,point,60,93,43,38,33,0
v1,point,60,94,44,38,33,0
v1,point,60,95,43,37,33,0
v1,point,60,96,43,38,33,0
v1,point,60,97,42,37,32,0
v1,point,60,98,41,36,31,0
v1,point,60,99,41,36,31,0
v1,point,60,100,41,36,31,0
v1,point,60,101,40,35,30,0
v1,point,60,102,40,34,30,0
v1,point,60,103,39,34,29,0
v1,point,60,104,38,33,29,0
v1,point,60,105,39,34,29,0
v1,point,60,106,38,33,28,0
v1,point,60,107,38,33,28,0
v1,point,60,108,37,32,28,0
v1,point,60,109,37,32,27,0
v1,point,60,110,36,31,27,0
v1,point,60,111,36,31,26,0
v1,point,60,112,36,31,26,0
v1,point,60,113,35,30,26,0
v1,point,60,114,35,30,26,0
v1,point,60,115,34,29,25,0
v1,point,60,116,34,30,25,0
v1,point,60,117,33,29,24,0
v1,point,60,118,34,29,24,0
v1,point,60,119,33,28,24,0
v1,point,60,120,32,27,23,0
v1,point,60,121,32,27,23,0
v1,point,60,122,32,27,23,0
v1,point,60,123,32,27,23,0
v1,point,60,124,31,26,22,0
v1,point,60,125,31,26,22,0
v1,point,60,126,30,26,21,0
v1,point,60,127,30,26,21,0
v1,point,60,128,30,25,21,0
v1,point,60,129,30,25,21,0
v1,point,60,130,29,25,21,0
v1,point,60,131,29,24,20,0
v1,point,60,132,28,24,20,0
v1,point,60,133,28,24,20,0
v1,point,60,134,28,23,19,0
v1,point,60,135,28,23,19,0
v1,point,60,136,28,23,19,0
v1,point,60,137,27,23,19,0
v1,point,60,138,26,22,18,0
v1,point,60,139,26,22,18,0
v1,point,60,140,26,22,18,0
v1,point,60,141,26,21,17,0
v1,point,60,142,26,21,17,0
v1,point,60,143,25,21,17,0
v1,point,60,144,25,21,17,0
v1,point,60,145,25,21,17,0
v1,point,60,146,25,20,17,0
v1,point,60,147,25,20,17,0
v1,point,60,148,24,20,16,0
v1,point,60,149,24,19,16,0
v1,point,60,150,23,19,15,0
v1,point,60,151,23,19,15,0
v1,point,60,152,23,19,15,0
v1,point,60,153,23,19,15,0
v1,point,60,154,23,19,15,0
v1,point,60,155,22,18,14,0
v1,point,60,156,22,18,14,0
v1,point,60,157,22,18,14,0
v1,point,60,158,22,18,14,0
v1,point,60,159,21,17,13,0
v1,point,60,160,21,17,14,0
v1,point,60,161,21,17,14,0
v1,point,60,162,21,17,14,0
v1,point,60,163,20,16,13,0
v1,point,60,164,20,16,13,0
v1,point,60,165,20,17,13,0
v1,point,60,166,20,16,12,0
v1,point,60,167,20,16,13,0
v1,point,60,168,19,15,12,0
v1,point,60,169,19,15,12,0
v1,point,60,170,19,15,12,0
v1,point,60,171,19,15,12,0
v1,point,60,172,19,15,12,0
v1,point,60,173,19,15,12,0
v1,point,60,174,18,14,11,0
v1,point,60,175,18,14,11,0
v1,point,60,176,18,15,11,0
v1,point,60,177,18,14,11,0
v1,point,60,178,18,14,11,0
v1,point,60,179,17,13,10,0
v1,point,60,180,17,13,10,0
v1,point,60,181,17,13,10,0
v1,point,60,182,17,13,10,0
v1,point,60,183,16,13,10,0
v1,point,60,184,17,13,10,0
v1,point,60,185,16,13,10,0
v1,point,60,186,16,12,10,0
v1,point,60,187,16,13,10,0
v1,point,60,188,15,12,9,0
v1,point,60,189,16,12,9,0
v1,point,60,190,15,12,9,0
v1,point,60,191,15,11,9,0
v1,point,60,192,15,11,9,0
v1,point,60,193,15,12,9,0
v1,point,60,194,15,12,9,0
v1,point,60,195,14,11,8,0
v1,point,60,196,14,11,8,0
v1,point,60,197,14,11,8,0
v1,point,60,198,14,11,8,0
v1,point,60,199,14,11,8,0
v1,point,60,200,13,10,8,0
v1,point,60,201,14,11,8,0
v1,point,60,202,14,10,8,0
v1,point,60,203,13,10,7,0
v1,point,60,204,14,10,8,0
v1,point,60,205,13,10,7,0
v1,point,60,206,13,10,8,0
v1,point,60,207,13,10,7,0
v1,point,60,208,12,9,7,0
v1,point,60,209,12,9,7,0
v1,point,60,210,12,9,7,0
v1,point,60,211,12,9,7,0
v1,point,60,212,12,9,7,0
v1,point,60,213,12,9,6,0
v1,point,60,214,12,9,6,0
v1,point,60,215,11,8,6,0
v1,point,60,216,12,9,7,0
v1,point,60,217,11,8,6,0
v1,point,60,218,11,9,6,0
v1,point,60,219,11,8,6,0
v1,point,60,220,11,8,6,0
v1,point,60,221,11,8,6,0
v1,point,60,222,11,8,6,0
v1,point,60,223,11,8,6,0
v1,point,60,224,11,8,6,0
v1,point,60,225,10,7,5,0
v1,point,60,226,11,8,6,0
v1,point,60,227,10,8,5,0
v1,point,60,228,10,8,6,0
v1,point,60,229,10,7,5,0
v1,point,60,230,10,7,5,0
v1,point,60,231,10,8,6,0
v1,point,60,232,9,7,5,0
v1,point,60,233,10,7,6,0
v1,point,60,234,10,7,5,0
v1,point,60,235,10,7,5,0
v1,point,60,236,9,7,5,0
v1,point,60,237,10,7,5,0
v1,point,60,238,9,6,4,0
v1,point,60,239,9,7,5,0
v1,point,60,240,9,6,4,0
v1,point,60,241,9,7,5,0
v1,point,60,242,8,6,4,0
v1,point,60,243,8,6,4,0
v1,point,60,244,9,6,5,0
v1,point,60,245,9,6,4,0
v1,point,60,246,9,6,5,0
v1,point,60,247,8,6,4,0
v1,point,60,248,8,6,4,0
v1,point,60,249,8,6,4,0
v1,point,60,250,8,6,4,0
v1,point,60,251,8,6,4,0
v1,point,60,252,7,5,3,0
v1,point,60,253,8,5,4,0
v1,point,60,254,8,6,4,0
v1,point,60,255,8,6,4,0
v1,point,60,256,8,6,4,0
v1,point,60,257,8,6,4,0
v1,point,60,258,8,6,4,0
v1,point,60,259,7,5,3,0
v1,point,60,260,7,5,4,0
v1,point,60,261,7,5,3,0
v1,point,60,262,7,5,4,0
v1,point,60,263,6,4,3,0
v1,point,60,264,7,5,3,0
v1,point,60,265,7,5,4,0
v1,point,60,266,6,4,3,0
v1,point,60,267,7,5,3,0
v1,point,60,268,7,5,3,0
v1,point,60,269,7,5,4,0
v1,point,60,270,6,5,3,0
v1,point,60,271,7,5,3,0
v1,point,60,272,6,4,3,0
v1,point,60,273,6,4,3,0
v1,point,60,274,6,4,3,0
v1,point,60,275,6,4,3,0
v1,point,60,276,6,5,3,0
v1,point,60,277,6,5,3,0
v1,point,60,278,6,4,2,0
v1,point,60,279,6,4,3,0
v1,point,60,280,6,4,3,0
v1,point,60,281,6,4,3,0
v1,point,60,282,5,4,2,0
v1,point,60,283,5,4,2,0
v1,point,60,284,6,4,3,0
v1,point,60,285,5,4,2,0
v1,point,60,286,5,3,2,0
v1,point,60,287,6,4,3,0
v1,point,60,288,5,4,2,0
v1,point,60,289,5,4,3,0
v1,point,60,290,5,4,3,0
v1,point,60,291,5,4,2,0
v1,point,60,292,5,3,2,0
v1,point,60,293,5,4,2,0
v1,point,60,294,5,4,3,0
v1,point,60,295,5,4,2,0
v1,point,60,296,5,3,2,0
v1,point,60,297,5,3,2,0
v1,point,60,298,5,4,2,0
v1,point,60,299,5,3,2,0
v1,point,60,300,4,3,2,0
v1,point,60,301,5,3,2,0
v1,point,60,302,4,3,2,0
v1,point,60,303,5,3,2,0
v1,point,60,304,5,3,2,0
v1,point,60,305,4,3,2,0
v1,point,60,306,4,3,2,0
v1,point,60,307,4,3,2,0
v1,point,60,308,4,3,2,0
v1,point,60,309,4,2,1,0
v1,point,60,310,4,3,2,0
v1,point,60,311,4,3,2,0
v1,point,60,312,4,3,2,0
v1,point,60,313,4,3,2,0
v1,point,60,314,4,2,1,0
v1,point,60,315,4,3,2,0
v1,point,60,316,4,2,1,0
v1,point,60,317,4,2,1,0
v1,point,60,318,4,3,2,0
v1,point,60,319,4,2,1,0
v1,point,60,320,4,2,2,0
v1,point,60,321,4,3,2,0
v1,point,60,322,4,3,2,0
v1,point,60,323,4,2,2,0
v1,point,60,324,3,2,1,0
v1,point,60,325,4,3,2,0
v1,point,60,326,3,2,1,0
v1,point,60,327,4,2,2,0
v1,point,60,328,4,2,2,0
v1,point,60,329,4,2,2,0
v1,point,60,330,3,2,1,0
v1,point,60,331,3,2,1,0
v1,point,60,332,3,2,2,0
v1,point,60,333,3,2,1,0
v1,point,60,334,4,3,2,0
v1,point,60,335,3,2,1,0
v1,point,60,336,3,2,1,0
v1,point,60,337,3,2,1,0
v1,point,60,338,3,2,1,0
v1,point,60,339,3,2,1,0
v1,point,60,340,3,2,1,0
v1,point,60,341,3,2,1,0
v1,point,60,342,3,2,1,0
v1,point,60,343,3,1,1,0
v1,point,60,344,3,2,1,0
v1,point,60,345,3,2,1,0
v1,point,60,346,3,2,1,0
v1,point,60,347,3,2,1,0
v1,point,60,348,2,1,1,0
v1,point,60,349,3,2,1,0
v1,point,60,350,2,1,1,0
v1,point,60,351,3,2,1,0
v1,point,60,352,3,2,1,0
v1,point,60,353,2,1,1,0
v1,point,60,354,3,2,1,0
v1,point,60,355,3,2,1,0
v1,point,60,356,2,1,1,0
v1,point,60,357,3,2,1,0
v1,point,60,358,3,2,1,0
v1,point,60,359,3,2,1,0
v1,point,60,360,2,2,1,0
v1,point,60,361,2,1,1,0
v1,point,60,362,2,1,1,0
v1,point,60,363,2,1,1,0
v1,point,60,364,2,1,1,0
v1,point,60,365,2,2,1,0
v1,point,60,366,2,1,1,0
v1,point,60,367,2,1,0,0
v1,point,60,368,3,2,1,0
v1,point,60,369,3,2,1,0
v1,point,60,370,2,1,1,0
v1,point,60,371,2,2,1,0
v1,point,60,372,2,1,1,0
v1,point,60,373,2,1,0,0
v1,point,60,374,2,1,1,0
v1,point,60,375,2,1,0,0
v1,point,60,376,2,2,1,0
v1,point,60,377,2,1,0,0
v1,point,60,378,2,1,1,0
v1,point,60,379,2,1,1,0
v1,point,60,380,2,1,1,0
v1,point,60,381,2,2,1,0
v1,point,60,382,1,1,0,0
v1,point,60,383,2,1,1,0
v1,point,60,384,2,1,0,0
v1,point,60,385,2,1,1,0
v1,point,60,386,2,1,1,0
v1,point,60,387,2,1,1,0
v1,point,60,388,2,1,1,0
v1,point,60,389,2,1,1,0
v1,point,60,390,2,1,1,0
v1,point,60,391,2,1,1,0
v1,point,60,392,1,1,0,0
v1,point,60,393,2,1,1,0
v1,point,60,394,2,1,1,0
v1,point,60,395,1,1,0,0
v1,point,60,396,2,1,1,0
v1,point,60,397,1,1,0,0
v1,point,60,398,1,1,0,0
v1,point,60,399,2,1,1,0
v1,point,60,400,2,1,0,0
v1,point,60,401,2,1,1,0
v1,point,60,402,2,1,1,0
v1,point,60,403,1,1,0,0
v1,point,60,404,2,1,1,0
v1,point,60,405,2,1,1,0
v1,point,60,406,1,0,0,0
v1,point,60,407,2,1,1,0
v1,point,60,408,1,1,0,0
v1,point,60,409,1,1,0,0
v1,point,60,410,2,1,1,0
v1,point,60,411,1,1,0,0
v1,point,60,412,2,1,1,0
v1,point,60,413,2,1,1,0
v1,point,60,414,1,0,0,0
v1,point,60,415,1,0,0,0
v1,point,60,416,1,1,1,0
v1,point,60,417,1,0,0,0
v1,point,60,418,2,1,1,0
v1,point,60,419,1,1,0,0
v1,point,60,420,2,1,1,0
v1,point,60,421,2,1,1,0
v1,point,60,422,1,1,1,0
v1,point,60,423,1,1,0,0
v1,point,60,424,1,0,0,0
v1,point,60,425,1,0,0,0
v1,point,60,426,1,1,0,0
v1,point,60,427,1,1,1,0
v1,point,60,428,1,1,1,0
v1,point,60,429,1,1,0,0
v1,point,60,430,2,1,1,0
v1,point,60,431,1,0,0,0
v1,point,60,432,1,0,0,0
v1,point,60,433,1,1,0,0
v1,point,60,434,1,0,0,0
v1,point,60,435,1,1,0,0
v1,point,60,436,1,1,0,0
v1,point,60,437,1,0,0,0
v1,point,60,438,1,1,1,0
v1,point,60,439,1,1,0,0
v1,point,60,440,1,0,0,0
v1,point,60,441,1,1,0,0
v1,point,60,442,1,0,0,0
v1,point,60,443,1,1,1,0
v1,point,60,444,1,1,1,0
v1,point,60,445,1,1,1,0
v1,point,60,446,1,0,0,0
v1,point,60,447,1,1,1,0
v1,point,60,448,1,0,0,0
v1,point,60,449,1,1,1,0
v1,point,60,450,1,0,0,0
v1,point,60,451,1,1,1,0
v1,point,60,452,1,1,1,0
v1,point,60,453,1,0,0,0
v1,point,60,454,1,0,0,0
v1,point,60,455,1,1,1,0
v1,point,60,456,1,1,1,0
v1,point,60,457,1,1,0,0
v1,point,60,458,1,0,0,0
v1,point,60,459,1,1,1,0
v1,point,60,460,1,0,0,0
v1,point,60,461,0,0,0,0
v1,point,60,462,1,0,0,0
v1,point,60,463,0,0,0,0
v1,point,60,464,0,0,0,0
v1,point,60,465,1,0,0,0
v1,point,60,466,1,0,0,0
v1,point,60,467,1,1,0,0
v1,point,60,468,1,1,0,0
v1,point,60,469,1,1,0,0
v1,point,60,470,1,0,0,0
v1,point,60,471,0,0,0,0
v1,point,60,472,1,0,0,0
v1,point,60,473,1,1,0,0
v1,point,60,474,1,0,0,0
v1,point,60,475,1,0,0,0
v1,point,60,476,0,0,0,0
v1,point,60,477,1,0,0,0
v1,point,60,478,1,0,0,0
v1,point,60,479,0,0,0,0
v1,point,60,480,0,0,0,0
v1,point,60,481,1,1,0,0
v1,point,60,482,0,0,0,0
v1,point,60,483,1,0,0,0
v1,point,60,484,0,0,0,0
v1,point,60,485,0,0,0,0
v1,point,60,486,0,0,0,0
v1,point,60,487,1,0,0,0
v1,point,60,488,1,1,1,0
v1,point,60,489,1,1,0,0
v1,point,60,490,0,0,0,0
v1,point,60,491,1,1,1,0
v1,point,60,492,0,0,0,0
v1,point,60,493,1,0,0,0
v1,point,60,494,1,0,0,0
v1,point,60,495,1,1,1,0
v1,point,60,496,1,1,0,0
v1,point,60,497,1,0,0,0
v1,point,60,498,0,0,0,0
v1,point,60,499,1,1,0,0
v1,point,60,500,0,0,0,0
v1,point,60,501,0,0,0,0
v1,point,60,502,1,1,1,0
v1,point,60,503,0,0,0,0
v1,point,60,504,0,0,0,0
v1,point,60,505,1,1,1,0
v1,point,60,506,0,0,0,0
v1,point,60,507,1,0,0,0
v1,point,60,508,0,0,0,0
v1,point,60,509,0,0,0,0
v1,point,60,510,0,0,0,0
v1,point,60,511,0,0,0,0
v1,point,60,512,0,0,0,0
v1,point,60,513,0,0,0,0
v1,point,60,514,0,0,0,0
v1,point,60,515,0,0,0,0
v1,point,60,516,0,0,0,0
v1,point,60,517,0,0,0,0
v1,point,60,518,0,0,0,0
v1,point,60,519,0,0,0,0
v1,point,60,520,0,0,0,0
v1,point,60,521,0,0,0,0
v1,point,60,522,0,0,0,0
v1,point,60,523,0,0,0,0
v1,point,60,524,0,0,0,0
v1,point,60,525,0,0,0,0
v1,point,60,526,0,0,0,0
v1,point,60,527,0,0,0,0
v1,point,60,528,0,0,0,0
v1,point,60,529,0,0,0,0
v1,point,60,530,0,0,0,0
v1,point,60,531,0,0,0,0
v1,point,60,532,0,0,0,0
v1,point,60,533,0,0,0,0
v1,point,60,534,0,0,0,0
v1,point,60,535,0,0,0,0
v1,point,60,536,0,0,0,0
v1,point,60,537,0,0,0,0
v1,point,60,538,0,0,0,0
v1,point,60,539,0,0,0,0
v1,point,60,540,0,0,0,0
v1,point,60,541,0,0,0,0
v1,point,60,542,0,0,0,0
v1,point,60,543,0,0,0,0
v1,point,60,544,0,0,0,0
v1,point,60,545,0,0,0,0
v1,point,60,546,0,0,0,0
v1,point,60,547,0,0,0,0
v1,point,60,548,0,0,0,0
v1,point,60,549,0,0,0,0
v1,point,60,550,0,0,0,0
v1,point,60,551,0,0,0,0
v1,point,60,552,0,0,0,0
v1,point,60,553,0,0,0,0
v1,point,60,554,0,0,0,0
v1,point,60,555,0,0,0,0
v1,point,60,556,0,0,0,0
v1,point,60,557,0,0,0,0
v1,point,60,558,0,0,0,0
v1,point,60,559,0,0,0,0
v1,point,60,560,0,0,0,0
v1,point,60,561,0,0,0,0
v1,point,60,562,0,0,0,0
v1,point,60,563,0,0,0,0
v1,point,60,564,0,0,0,0
v1,point,60,565,0,0,0,0
v1,point,60,566,0,0,0,0
v1,point,60,567,0,0,0,0
v1,point,60,568,0,0,0,0
v1,point,60,569,0,0,0,0
v1,point,60,570,0,0,0,0
v1,point,60,571,0,0,0,0
v1,point,60,572,0,0,0,0
v1,point,60,573,0,0,0,0
v1,point,60,574,0,0,0,0
v1,point,60,575,0,0,0,0
v1,point,60,576,0,0,0,0
v1,point,60,577,0,0,0,0
v1,point,60,578,0,0,0,0
v1,point,60,579,0,0,0,0
v1,point,60,580,0,0,0,0
v1,point,60,581,0,0,0,0
v1,point,60,582,0,0,0,0
v1,point,60,583,0,0,0,0
v1,point,60,584,0,0,0,0
v1,point,60,585,0,0,0,0
v1,point,60,586,0,0,0,0
v1,point,60,587,0,0,0,0
v1,point,60,588,0,0,0,0
v1,point,60,589,0,0,0,0
v1,point,60,590,0,0,0,0
v1,point,60,591,0,0,0,0
v1,point,60,592,0,0,0,0
v1,point,60,593,0,0,0,0
v1,point,60,594,0,0,0,0
v1,point,60,595,0,0,0,0
v1,point,60,596,0,0,0,0
v1,point,60,597,0,0,0,0
v1,point,60,598,0,0,0,0
v1,point,60,599,0,0,0,0
v1,point,60,600,0,0,0,0
v1,point,60,601,0,0,0,0
v1,point,60,602,0,0,0,0
v1,point,60,603,0,0,0,0
v1,point,60,604,0,0,0,0
v1,point,60,605,0,0,0,0
v1,point,60,606,0,0,0,0
v1,point,60,607,0,0,0,0
v1,point,60,608,0,0,0,0
v1,point,60,609,0,0,0,0
v1,point,60,610,0,0,0,0
v1,point,60,611,0,0,0,0
v1,point,60,612,0,0,0,0
v1,point,60,613,0,0,0,0
v1,point,60,614,0,0,0,0
v1,point,60,615,0,0,0,0
v1,point,60,616,0,0,0,0
v1,point,60,617,0,0,0,0
v1,point,60,618,0,0,0,0
v1,point,60,619,0,0,0,0
v1,point,60,620,0,0,0,0
v1,point,60,621,0,0,0,0
v1,point,60,622,0,0,0,0
v1,point,60,623,0,0,0,0
v1,point,60,624,0,0,0,0
v1,point,60,625,0,0,0,0
v1,point,60,626,0,0,0,0
v1,point,60,627,0,0,0,0
v1,point,60,628,0,0,0,0
v1,point,60,629,0,0,0,0
v1,point,60,630,0,0,0,0
v1,point,60,631,0,0,0,0
v1,point,60,632,0,0,0,0
v1,point,60,633,0,0,0,0
v1,point,60,634,0,0,0,0
v1,point,60,635,0,0,0,0
v1,point,60,636,0,0,0,0
v1,point,60,637,0,0,0,0
v1,point,60,638,0,0,0,0
v1,point,60,639,0,0,0,0
v1,point,60,640,0,0,0,0
v1,point,60,641,0,0,0,0
v1,point,60,642,0,0,0,0
v1,point,60,643,0,0,0,0
v1,point,60,644,0,0,0,0
v1,point,60,645,0,0,0,0
v1,point,60,646,0,0,0,0
v1,point,60,647,0,0,0,0
v1,point,60,648,0,0,0,0
v1,point,60,649,0,0,0,0
v1,point,60,650,0,0,0,0
v1,point,60,651,0,0,0,0
v1,point,60,652,0,0,0,0
v1,point,60,653,0,0,0,0
v1,point,60,654,0,0,0,0
v1,point,60,655,0,0,0,0
v1,point,60,656,0,0,0,0
v1,point,60,657,0,0,0,0
v1,point,60,658,0,0,0,0
v1,point,60,659,0,0,0,0
v1,point,60,660,0,0,0,0
v1,point,60,661,0,0,0,0
v1,point,60,662,0,0,0,0
v1,point,60,663,0,0,0,0
v1,point,60,664,0,0,0,0
v1,point,60,665,0,0,0,0
v1,point,60,666,0,0,0,0
v1,point,60,667,0,0,0,0
v1,point,60,668,0,0,0,0
v1,point,60,669,0,0,0,0
v1,point,60,670,0,0,0,0
v1,point,60,671,0,0,0,0
v1,point,60,672,0,0,0,0
v1,point,60,673,0,0,0,0
v1,point,60,674,0,0,0,0
v1,point,60,675,0,0,0,0
v1,point,60,676,0,0,0,0
v1,point,60,677,0,0,0,0
v1,point,60,678,0,0,0,0
v1,point,60,679,0,0,0,0
v1,point,60,680,0,0,0,0
v1,point,60,681,0,0,0,0
v1,point,60,682,0,0,0,0
v1,point,60,683,0,0,0,0
v1,point,60,684,0,0,0,0
v1,point,60,685,0,0,0,0
v1,point,60,686,0,0,0,0
v1,point,60,687,0,0,0,0
v1,point,60,688,0,0,0,0
v1,point,60,689,0,0,0,0
v1,point,60,690,0,0,0,0
v1,point,60,691,0,0,0,0
v1,point,60,692,0,0,0,0
v1,point,60,693,0,0,0,0
v1,point,60,694,0,0,0,0
v1,point,60,695,0,0,0,0
v1,point,60,696,0,0,0,0
v1,point,60,697,0,0,0,0
v1,point,60,698,0,0,0,0
v1,point,60,699,0,0,0,0
v1,point,90,0,255,255,255,15
v1,point,90,1,255,255,255,12
v1,point,90,2,255,255,255,8
v1,point,90,3,254,253,253,6
v1,point,90,4,252,251,251,4
v1,point,90,5,250,250,249,4
v1,point,90,6,250,249,247,2
v1,point,90,7,247,246,244,0
v1,point,90,8,247,245,243,0
v1,point,90,9,244,242,239,0
v1,point,90,10,242,239,236,0
v1,point,90,11,240,237,233,0
v1,point,90,12,238,234,229,0
v1,point,90,13,235,230,225,0
v1,point,90,14,232,227,221,0
v1,point,90,15,229,223,217,0
v1,point,90,16,226,220,213,0
v1,point,90,17,223,216,209,0
v1,point,90,18,220,212,204,0
v1,point,90,19,217,209,200,0
v1,point,90,20,214,205,196,0
v1,point,90,21,210,201,192,0
v1,point,90,22,207,198,188,0
v1,point,90,23,204,194,184,0
v1,point,90,24,200,190,179,0
v1,point,90,25,196,186,175,0
v1,point,90,26,193,182,171,0
v1,point,90,27,190,179,168,0
v1,point,90,28,186,175,164,0
v1,point,90,29,183,172,161,0
v1,point,90,30,180,168,157,0
v1,point,90,31,177,165,154,0
v1,point,90,32,174,162,150,0
v1,point,90,33,170,158,147,0
v1,point,90,34,167,155,144,0
v1,point,90,35,165,152,141,0
v1,point,90,36,162,150,138,0
v1,point,90,37,159,147,135,0
v1,point,90,38,156,143,132,0
v1,point,90,39,153,141,130,0
v1,point,90,40,151,139,128,0
v1,point,90,41,148,136,125,0
v1,point,90,42,146,134,123,0
v1,point,90,43,143,132,121,0
v1,point,90,44,140,129,118,0
v1,point,90,45,138,126,116,0
v1,point,90,46,136,124,113,0
v1,point,90,47,134,123,112,0
v1,point,90,48,132,121,110,0
v1,point,90,49,129,118,108,0
v1,point,90,50,128,117,107,0
v1,point,90,51,126,115,105,0
v1,point,90,52,124,113,103,0
v1,point,90,53,122,111,101,0
v1,point,90,54,120,109,99,0
v1,point,90,55,119,108,98,0
v1,point,90,56,117,107,97,0
v1,point,90,57,115,104,95,0
v1,point,90,58,114,103,94,0
v1,point,90,59,112,101,92,0
v1,point,90,60,111,101,91,0
v1,point,90,61,109,98,89,0
v1,point,90,62,108,97,88,0
v1,point,90,63,106,96,87,0
v1,point,90,64,104,94,85,0
v1,point,90,65,104,94,85,0
v1,point,90,66,101,92,83,0
v1,point,90,67,100,91,82,0
v1,point,90,68,99,89,80,0
v1,point,90,69,98,88,80,0
v1,point,90,70,97,88,79,0
v1,point,90,71,96,86,77,0
v1,point,90,72,94,85,76,0
v1,point,90,73,94,84,76,0
v1,point,90,74,92,83,74,0
v1,point,90,75,91,82,73,0
v1,point,90,76,90,81,72,0
v1,point,90,77,89,80,71,0
v1,point,90,78,88,79,70,0
v1,point,90,79,87,78,70,0
v1,point,90,80,86,76,68,0
v1,point,90,81,85,76,67,0
v1,point,90,82,83,74,66,0
v1,point,90,83,83,74,66,0
v1,point,90,84,82,73,65,0
v1,point,90,85,81,72,64,0
v1,point,90,86,80,72,63,0
v1,point,90,87,80,71,62,0
v1,point,90,88,79,70,61,0
v1,point,90,89,77,69,60,0
v1,point,90,90,77,68,60,0
v1,point,90,91,75,67,59,0
v1,point,90,92,75,66,58,0
v1,point,90,93,74,65,57,0
v1,point,90,94,73,65,57,0
v1,point,90,95,72,63,55,0
v1,point,90,96,72,63,55,0
v1,point,90,97,71,62,54,0
v1,point,90,98,70,61,53,0
v1,point,90,99,69,61,53,0
v1,point,90,100,69,61,53,0
v1,point,90,101,68,59,51,0
v1,point,90,102,67,58,51,0
v1,point,90,103,66,58,50,0
v1,point,90,104,65,57,49,0
v1,point,90,105,65,57,49,0
v1,point,90,106,64,56,48,0
v1,point,90,107,64,55,48,0
v1,point,90,108,63,55,47,0
v1,point,90,109,62,54,46,0
v1,point,90,110,61,53,45,0
v1,point,90,111,61,53,45,0
v1,point,90,112,61,52,45,0
v1,point,90,113,60,52,44,0
v1,point,90,114,59,51,43,0
v1,point,90,115,58,50,42,0
v1,point,90,116,58,50,42,0
v1,point,90,117,57,49,41,0
v1,point,90,118,57,49,41,0
v1,point,90,119,56,48,40,0
v1,point,90,120,55,47,39,0
v1,point,90,121,55,47,39,0
v1,point,90,122,54,46,38,0
v1,point,90,123,54,46,39,0
v1,point,90,124,53,45,37,0
v1,point,90,125,53,45,37,0
v1,point,90,126,52,44,37,0
v1,point,90,127,51,43,36,0
v1,point,90,128,51,43,36,0
v1,point,90,129,51,43,36,0
v1,point,90,130,50,42,35,0
v1,point,90,131,49,41,34,0
v1,point,90,132,48,40,34,0
v1,point,90,133,48,40,33,0
v1,point,90,134,47,40,33,0
v1,point,90,135,47,39,33,0
v1,point,90,136,47,39,32,0
v1,point,90,137,46,39,32,0
v1,point,90,138,45,38,31,0
v1,point,90,139,45,37,31,0
v1,point,90,140,45,37,30,0
v1,point,90,141,44,36,30,0
v1,point,90,142,44,36,30,0
v1,point,90,143,43,35,29,0
v1,point,90,144,43,36,29,0
v1,point,90,145,43,35,29,0
v1,point,90,146,42,35,28,0
v1,point,90,147,42,34,28,0
v1,point,90,148,41,34,27,0
v1,point,90,149,40,33,27,0
v1,point,90,150,40,33,26,0
v1,point,90,151,39,32,26,0
v1,point,90,152,39,32,26,0
v1,point,90,153,39,32,26,0
v1,point,90,154,39,32,26,0
v1,point,90,155,38,31,25,0
v1,point,90,156,37,30,24,0
v1,point,90,157,37,30,24,0
v1,point,90,158,37,30,24,0
v1,point,90,159,36,29,23,0
v1,point,90,160,36,29,23,0
v1,point,90,161,36,29,23,0
v1,point,90,162,36,29,23,0
v1,point,90,163,34,28,22,0
v1,point,90,164,34,28,22,0
v1,point,90,165,35,28,22,0
v1,point,90,166,33,27,21,0
v1,point,90,167,34,27,21,0
v1,point,90,168,33,26,20,0
v1,point,90,169,33,26,20,0
v1,point,90,170,32,26,20,0
v1,point,90,171,32,26,20,0
v1,point,90,172,32,25,20,0
v1,point,90,173,32,25,20,0
v1,point,90,174,31,25,19,0
v1,point,90,175,30,24,19,0
v1,point,90,176,31,25,19,0
v1,point,90,177,30,24,18,0
v1,point,90,178,30,24,18,0
v1,point,90,179,29,23,18,0
v1,point,90,180,29,23,17,0
v1,point,90,181,29,23,18,0
v1,point,90,182,29,23,18,0
v1,point,90,183,28,22,17,0
v1,point,90,184,28,22,17,0
v1,point,90,185,28,22,17,0
v1,point,90,186,27,21,16,0
v1,point,90,187,27,21,16,0
v1,point,90,188,26,21,16,0
v1,point,90,189,27,21,16,0
v1,point,90,190,26,20,16,0
v1,point,90,191,25,20,15,0
v1,point,90,192,25,20,15,0
v1,point,90,193,25,20,15,0
v1,point,90,194,25,20,15,0
v1,point,90,195,24,19,14,0
v1,point,90,196,24,19,14,0
v1,point,90,197,24,18,14,0
v1,point,90,198,24,18,14,0
v1,point,90,199,24,18,14,0
v1,point,90,200,23,18,13,0
v1,point,90,201,23,18,14,0
v1,point,90,202,23,18,13,0
v1,point,90,203,22,17,13,0
v1,point,90,204,23,18,13,0
v1,point,90,205,22,17,13,0
v1,point,90,206,22,17,13,0
v1,point,90,207,22,17,13,0
v1,point,90,208,21,16,12,0
v1,point,90,209,21,16,12,0
v1,point,90,210,21,16,12,0
v1,point,90,211,20,15,11,0
v1,point,90,212,21,16,12,0
v1,point,90,213,20,15,11,0
v1,point,90,214,20,15,11,0
v1,point,90,215,20,15,11,0
v1,point,90,216,20,15,11,0
v1,point,90,217,19,14,10,0
v1,point,90,218,19,15,11,0
v1,point,90,219,19,14,10,0
v1,point,90,220,19,14,10,0
v1,point,90,221,18,14,10,0
v1,point,90,222,18,14,10,0
v1,point,90,223,18,14,10,0
v1,point,90,224,18,13,10,0
v1,point,90,225,17,13,9,0
v1,point,90,226,18,13,10,0
v1,point,90,227,17,13,9,0
v1,point,90,228,18,13,10,0
v1,point,90,229,17,12,9,0
v1,point,90,230,17,12,9,0
v1,point,90,231,17,13,9,0
v1,point,90,232,16,12,8,0
v1,point,90,233,17,12,9,0
v1,point,90,234,16,12,9,0
v1,point,90,235,16,12,9,0
v1,point,90,236,16,12,8,0
v1,point,90,237,16,12,9,0
v1,point,90,238,15,11,8,0
v1,point,90,239,15,11,8,0
v1,point,90,240,15,11,8,0
v1,point,90,241,15,11,8,0
v1,point,90,242,15,11,7,0
v1,point,90,243,14,10,7,0
v1,point,90,244,15,11,8,0
v1,point,90,245,15,11,7,0
v1,point,90,246,15,11,8,0
v1,point,90,247,14,10,7,0
v1,point,90,248,14,10,7,0
v1,point,90,249,14,10,7,0
v1,point,90,250,13,10,7,0
v1,point,90,251,14,10,7,0
v1,point,90,252,13,9,6,0
v1,point,90,253,13,9,6,0
v1,point,90,254,13,10,7,0
v1,point,90,255,13,9,7,0
v1,point,90,256,13,9,7,0
v1,point,90,257,13,9,7,0
v1,point,90,258,13,9,6,0
v1,point,90,259,12,9,6,0
v1,point,90,260,12,9,6,0
v1,point,90,261,12,8,6,0
v1,point,90,262,12,9,6,0
v1,point,90,263,11,8,5,0
v1,point,90,264,12,8,6,0
v1,point,90,265,12,9,6,0
v1,point,90,266,11,8,5,0
v1,point,90,267,11,8,5,0
v1,point,90,268,12,8,6,0
v1,point,90,269,12,8,6,0
v1,point,90,270,11,8,5,0
v1,point,90,271,11,8,6,0
v1,point,90,272,10,7,5,0
v1,point,90,273,10,7,5,0
v1,point,90,274,10,7,5,0
v1,point,90,275,10,7,5,0
v1,point,90,276,11,8,5,0
v1,point,90,277,11,7,5,0
v1,point,90,278,10,7,4,0
v1,point,90,279,10,7,5,0
v1,point,90,280,10,7,5,0
v1,point,90,281,10,7,4,0
v1,point,90,282,9,6,4,0
v1,point,90,283,9,6,4,0
v1,point,90,284,10,7,4,0
v1,point,90,285,9,6,4,0
v1,point,90,286,9,6,4,0
v1,point,90,287,10,7,5,0
v1,point,90,288,9,6,4,0
v1,point,90,289,9,6,4,0
v1,point,90,290,9,6,4,0
v1,point,90,291,9,6,4,0
v1,point,90,292,9,6,4,0
v1,point,90,293,9,6,4,0
v1,point,90,294,9,6,4,0
v1,point,90,295,9,6,4,0
v1,point,90,296,8,6,4,0
v1,point,90,297,8,6,4,0
v1,point,90,298,8,6,4,0
v1,point,90,299,8,6,4,0
v1,point,90,300,8,5,3,0
v1,point,90,301,8,5,4,0
v1,point,90,302,8,5,3,0
v1,point,90,303,8,6,4,0
v1,point,90,304,8,5,4,0
v1,point,90,305,7,5,3,0
v1,point,90,306,7,5,3,0
v1,point,90,307,7,5,3,0
v1,point,90,308,7,5,3,0
v1,point,90,309,7,4,3,0
v1,point,90,310,7,5,3,0
v1,point,90,311,7,5,3,0
v1,point,90,312,7,5,3,0
v1,point,90,313,7,4,3,0
v1,point,90,314,7,4,3,0
v1,point,90,315,7,5,3,0
v1,point,90,316,6,4,2,0
v1,point,90,317,6,4,2,0
v1,point,90,318,7,5,3,0
v1,point,90,319,6,4,2,0
v1,point,90,320,6,4,3,0
v1,point,90,321,7,5,3,0
v1,point,90,322,7,5,3,0
v1,point,90,323,6,4,3,0
v1,point,90,324,6,4,2,0
v1,point,90,325,6,4,3,0
v1,point,90,326,6,4,2,0
v1,point,90,327,6,4,3,0
v1,point,90,328,6,4,2,0
v1,point,90,329,6,4,3,0
v1,point,90,330,5,3,2,0
v1,point,90,331,6,4,2,0
v1,point,90,332,6,4,2,0
v1,point,90,333,5,3,2,0
v1,point,90,334,6,4,3,0
v1,point,90,335,5,3,2,0
v1,point,90,336,5,3,2,0
v1,point,90,337,5,3,2,0
v1,point,90,338,5,3,2,0
v1,point,90,339,5,3,2,0
v1,point,90,340,5,3,2,0
v1,point,90,341,5,3,2,0
v1,point,90,342,5,3,2,0
v1,point,90,343,5,3,2,0
v1,point,90,344,5,3,2,0
v1,point,90,345,5,3,2,0
v1,point,90,346,5,3,2,0
v1,point,90,347,5,3,2,0
v1,point,90,348,4,3,1,0
v1,point,90,349,5,3,2,0
v1,point,90,350,4,3,1,0
v1,point,90,351,5,3,2,0
v1,point,90,352,4,3,2,0
v1,point,90,353,4,3,1,0
v1,point,90,354,5,3,2,0
v1,point,90,355,5,3,2,0
v1,point,90,356,4,2,1,0
v1,point,90,357,5,3,2,0
v1,point,90,358,4,3,2,0
v1,point,90,359,4,3,2,0
v1,point,90,360,4,3,2,0
v1,point,90,361,4,3,1,0
v1,point,90,362,4,2,1,0
v1,point,90,363,4,2,1,0
v1,point,90,364,4,2,1,0
v1,point,90,365,4,3,2,0
v1,point,90,366,4,2,1,0
v1,point,90,367,4,2,1,0
v1,point,90,368,4,3,2,0
v1,point,90,369,4,3,2,0
v1,point,90,370,4,2,1,0
v1,point,90,371,4,3,2,0
v1,point,90,372,4,2,1,0
v1,point,90,373,3,2,1,0
v1,point,90,374,4,2,1,0
v1,point,90,375,3,2,1,0
v1,point,90,376,4,2,2,0
v1,point,90,377,3,2,1,0
v1,point,90,378,3,2,1,0
v1,point,90,379,4,2,1,0
v1,point,90,380,3,2,1,0
v1,point,90,381,4,2,2,0
v1,point,90,382,3,2,1,0
v1,point,90,383,3,2,1,0
v1,point,90,384,3,2,1,0
v1,point,90,385,3,2,1,0
v1,point,90,386,3,2,1,0
v1,point,90,387,3,2,1,0
v1,point,90,388,3,2,1,0
v1,point,90,389,3,2,1,0
v1,point,90,390,3,2,1,0
v1,point,90,391,3,2,1,0
v1,point,90,392,2,1,1,0
v1,point,90,393,3,2,1,0
v1,point,90,394,3,2,1,0
v1,point,90,395,2,1,1,0
v1,point,90,396,3,2,1,0
v1,point,90,397,3,1,1,0
v1,point,90,398,3,1,1,0
v1,point,90,399,3,2,1,0
v1,point,90,400,3,2,1,0
v1,point,90,401,3,2,1,0
v1,point,90,402,3,2,1,0
v1,point,90,403,2,1,1,0
v1,point,90,404,3,2,1,0
v1,point,90,405,3,2,1,0
v1,point,90,406,2,1,0,0
v1,point,90,407,3,2,1,0
v1,point,90,408,2,1,1,0
v1,point,90,409,2,1,1,0
v1,point,90,410,3,2,1,0
v1,point,90,411,2,1,1,0
v1,point,90,412,3,2,1,0
v1,point,90,413,3,2,1,0
v1,point,90,414,2,1,0,0
v1,point,90,415,2,1,0,0
v1,point,90,416,2,1,1,0
v1,point,90,417,2,1,0,0
v1,point,90,418,3,2,1,0
v1,point,90,419,2,1,1,0
v1,point,90,420,2,2,1,0
v1,point,90,421,3,2,1,0
v1,point,90,422,2,1,1,0
v1,point,90,423,2,1,1,0
v1,point,90,424,2,1,0,0
v1,point,90,425,2,1,0,0
v1,point,90,426,2,1,1,0
v1,point,90,427,2,1,1,0
v1,point,90,428,2,1,1,0
v1,point,90,429,2,1,1,0
v1,point,90,430,2,2,1,0
v1,point,90,431,2,1,0,0
v1,point,90,432,2,1,0,0
v1,point,90,433,2,1,1,0
v1,point,90,434,1,1,0,0
v1,point,90,435,2,1,1,0
v1,point,90,436,2,1,0,0
v1,point,90,437,2,1,0,0
v1,point,90,438,2,1,1,0
v1,point,90,439,2,1,1,0
v1,point,90,440,1,1,0,0
v1,point,90,441,2,1,1,0
v1,point,90,442,1,1,0,0
v1,point,90,443,2,1,1,0
v1,point,90,444,2,1,1,0
v1,point,90,445,2,1,1,0
v1,point,90,446,1,1,0,0
v1,point,90,447,2,1,1,0
v1,point,90,448,1,1,0,0
v1,point,90,449,2,1,1,0
v1,point,90,450,1,1,0,0
v1,point,90,451,2,1,1,0
v1,point,90,452,2,1,1,0
v1,point,90,453,1,1,0,0
v1,point,90,454,1,1,0,0
v1,point,90,455,2,1,1,0
v1,point,90,456,2,1,1,0
v1,point,90,457,2,1,1,0
v1,point,90,458,1,0,0,0
v1,point,90,459,2,1,1,0
v1,point,90,460,1,1,0,0
v1,point,90,461,1,0,0,0
v1,point,90,462,1,1,0,0
v1,point,90,463,1,0,0,0
v1,point,90,464,1,0,0,0
v1,point,90,465,1,1,0,0
v1,point,90,466,1,1,0,0
v1,point,90,467,1,1,0,0
v1,point,90,468,1,1,0,0
v1,point,90,469,2,1,1,0
v1,point,90,470,1,1,0,0
v1,point,90,471,1,0,0,0
v1,point,90,472,1,1,0,0
v1,point,90,473,1,1,0,0
v1,point,90,474,1,1,0,0
v1,point,90,475,1,1,0,0
v1,point,90,476,1,0,0,0
v1,point,90,477,1,1,0,0
v1,point,90,478,1,0,0,0
v1,point,90,479,1,0,0,0
v1,point,90,480,1,0,0,0
v1,point,90,481,1,1,1,0
v1,point,90,482,1,0,0,0
v1,point,90,483,1,1,0,0
v1,point,90,484,1,0,0,0
v1,point,90,485,1,0,0,0
v1,point,90,486,1,0,0,0
v1,point,90,487,1,1,0,0
v1,point,90,488,2,1,1,0
v1,point,90,489,1,1,1,0
v1,point,90,490,1,0,0,0
v1,point,90,491,1,1,1,0
v1,point,90,492,1,0,0,0
v1,point,90,493,1,0,0,0
v1,point,90,494,1,1,0,0
v1,point,90,495,1,1,1,0
v1,point,90,496,1,1,1,0
v1,point,90,497,1,1,0,0
v1,point,90,498,1,0,0,0
v1,point,90,499,1,1,0,0
v1,point,90,500,1,0,0,0
v1,point,90,501,1,0,0,0
v1,point,90,502,1,1,1,0
v1,point,90,503,1,0,0,0
v1,point,90,504,1,0,0,0
v1,point,90,505,1,1,1,0
v1,point,90,506,1,0,0,0
v1,point,90,507,1,1,0,0
v1,point,90,508,1,0,0,0
v1,point,90,509,0,0,0,0
v1,point,90,510,1,1,1,0
v1,point,90,511,1,1,0,0
v1,point,90,512,1,1,1,0
v1,point,90,513,1,1,0,0
v1,point,90,514,1,0,0,0
v1,point,90,515,1,1,0,0
v1,point,90,516,1,0,0,0
v1,point,90,517,0,0,0,0
v1,point,90,518,1,0,0,0
v1,point,90,519,1,1,1,0
v1,point,90,520,1,1,1,0
v1,point,90,521,1,0,0,0
v1,point,90,522,1,1,0,0
v1,point,90,523,1,0,0,0
v1,point,90,524,0,0,0,0
v1,point,90,525,1,1,1,0
v1,point,90,526,1,0,0,0
v1,point,90,527,1,0,0,0
v1,point,90,528,0,0,0,0
v1,point,90,529,1,0,0,0
v1,point,90,530,1,1,0,0
v1,point,90,531,1,0,0,0
v1,point,90,532,0,0,0,0
v1,point,90,533,1,1,1,0
v1,point,90,534,0,0,0,0
v1,point,90,535,1,0,0,0
v1,point,90,536,1,0,0,0
v1,point,90,537,1,1,1,0
v1,point,90,538,1,0,0,0
v1,point,90,539,1,1,1,0
v1,point,90,540,1,0,0,0
v1,point,90,541,1,0,0,0
v1,point,90,542,0,0,0,0
v1,point,90,543,1,0,0,0
v1,point,90,544,1,1,0,0
v1,point,90,545,0,0,0,0
v1,point,90,546,1,1,1,0
v1,point,90,547,1,1,1,0
v1,point,90,548,1,0,0,0
v1,point,90,549,0,0,0,0
v1,point,90,550,1,0,0,0
v1,point,90,551,0,0,0,0
v1,point,90,552,0,0,0,0
v1,point,90,553,0,0,0,0
v1,point,90,554,1,0,0,0
v1,point,90,555,0,0,0,0
v1,point,90,556,1,1,0,0
v1,point,90,557,1,0,0,0
v1,point,90,558,0,0,0,0
v1,point,90,559,0,0,0,0
v1,point,90,560,0,0,0,0
v1,point,90,561,0,0,0,0
v1,point,90,562,0,0,0,0
v1,point,90,563,0,0,0,0
v1,point,90,564,0,0,0,0
v1,point,90,565,0,0,0,0
v1,point,90,566,0,0,0,0
v1,point,90,567,0,0,0,0
v1,point,90,568,0,0,0,0
v1,point,90,569,0,0,0,0
v1,point,90,570,0,0,0,0
v1,point,90,571,0,0,0,0
v1,point,90,572,0,0,0,0
v1,point,90,573,0,0,0,0
v1,point,90,574,0,0,0,0
v1,point,90,575,0,0,0,0
v1,point,90,576,0,0,0,0
v1,point,90,577,0,0,0,0
v1,point,90,578,0,0,0,0
v1,point,90,579,0,0,0,0
v1,point,90,580,0,0,0,0
v1,point,90,581,0,0,0,0
v1,point,90,582,0,0,0,0
v1,point,90,583,0,0,0,0
v1,point,90,584,0,0,0,0
v1,point,90,585,0,0,0,0
v1,point,90,586,0,0,0,0
v1,point,90,587,0,0,0,0
v1,point,90,588,0,0,0,0
v1,point,90,589,0,0,0,0
v1,point,90,590,0,0,0,0
v1,point,90,591,0,0,0,0
v1,point,90,592,0,0,0,0
v1,point,90,593,0,0,0,0
v1,point,90,594,0,0,0,0
v1,point,90,595,0,0,0,0
v1,point,90,596,0,0,0,0
v1,point,90,597,0,0,0,0
v1,point,90,598,0,0,0,0
v1,point,90,599,0,0,0,0
v1,point,90,600,0,0,0,0
v1,point,90,601,0,0,0,0
v1,point,90,602,0,0,0,0
v1,point,90,603,0,0,0,0
v1,point,90,604,0,0,0,0
v1,point,90,605,0,0,0,0
v1,point,90,606,0,0,0,0
v1,point,90,607,0,0,0,0
v1,point,90,608,0,0,0,0
v1,point,90,609,0,0,0,0
v1,point,90,610,0,0,0,0
v1,point,90,611,0,0,0,0
v1,point,90,612,0,0,0,0
v1,point,90,613,0,0,0,0
v1,point,90,614,0,0,0,0
v1,point,90,615,0,0,0,0
v1,point,90,616,0,0,0,0
v1,point,90,617,0,0,0,0
v1,point,90,618,0,0,0,0
v1,point,90,619,0,0,0,0
v1,point,90,620,0,0,0,0
v1,point,90,621,0,0,0,0
v1,point,90,622,0,0,0,0
v1,point,90,623,0,0,0,0
v1,point,90,624,0,0,0,0
v1,point,90,625,0,0,0,0
v1,point,90,626,0,0,0,0
v1,point,90,627,0,0,0,0
v1,point,90,628,0,0,0,0
v1,point,90,629,0,0,0,0
v1,point,90,630,0,0,0,0
v1,point,90,631,0,0,0,0
v1,point,90,632,0,0,0,0
v1,point,90,633,0,0,0,0
v1,point,90,634,0,0,0,0
v1,point,90,635,0,0,0,0
v1,point,90,636,0,0,0,0
v1,point,90,637,0,0,0,0
v1,point,90,638,0,0,0,0
v1,point,90,639,0,0,0,0
v1,point,90,640,0,0,0,0
v1,point,90,641,0,0,0,0
v1,point,90,642,0,0,0,0
v1,point,90,643,0,0,0,0
v1,point,90,644,0,0,0,0
v1,point,90,645,0,0,0,0
v1,point,90,646,0,0,0,0
v1,point,90,647,0,0,0,0
v1,point,90,648,0,0,0,0
v1,point,90,649,0,0,0,0
v1,point,90,650,0,0,0,0
v1,point,90,651,0,0,0,0
v1,point,90,652,0,0,0,0
v1,point,90,653,0,0,0,0
v1,point,90,654,0,0,0,0
v1,point,90,655,0,0,0,0
v1,point,90,656,0,0,0,0
v1,point,90,657,0,0,0,0
v1,point,90,658,0,0,0,0
v1,point,90,659,0,0,0,0
v1,point,90,660,0,0,0,0
v1,point,90,661,0,0,0,0
v1,point,90,662,0,0,0,0
v1,point,90,663,0,0,0,0
v1,point,90,664,0,0,0,0
v1,point,90,665,0,0,0,0
v1,point,90,666,0,0,0,0
v1,point,90,667,0,0,0,0
v1,point,90,668,0,0,0,0
v1,point,90,669,0,0,0,0
v1,point,90,670,0,0,0,0
v1,point,90,671,0,0,0,0
v1,point,90,672,0,0,0,0
v1,point,90,673,0,0,0,0
v1,point,90,674,0,0,0,0
v1,point,90,675,0,0,0,0
v1,point,90,676,0,0,0,0
v1,point,90,677,0,0,0,0
v1,point,90,678,0,0,0,0
v1,point,90,679,0,0,0,0
v1,point,90,680,0,0,0,0
v1,point,90,681,0,0,0,0
v1,point,90,682,0,0,0,0
v1,point,90,683,0,0,0,0
v1,point,90,684,0,0,0,0
v1,point,90,685,0,0,0,0
v1,point,90,686,0,0,0,0
v1,point,90,687,0,0,0,0
v1,point,90,688,0,0,0,0
v1,point,90,689,0,0,0,0
v1,point,90,690,0,0,0,0
v1,point,90,691,0,0,0,0
v1,point,90,692,0,0,0,0
v1,point,90,693,0,0,0,0
v1,point,90,694,0,0,0,0
v1,point,90,695,0,0,0,0
v1,point,90,696,0,0,0,0
v1,point,90,697,0,0,0,0
v1,point,90,698,0,0,0,0
v1,point,90,699,0,0,0,0
v1,lamp,30,0,255,255,255,6
v1,lamp,30,1,255,255,255,6
v1,lamp,30,2,255,255,255,4
v1,lamp,30,3,191,190,189,0
v1,lamp,30,4,152,151,149,0
v1,lamp,30,5,146,144,141,0
v1,lamp,30,6,141,138,135,0
v1,lamp,30,7,135,132,129,0
v1,lamp,30,8,131,127,124,0
v1,lamp,30,9,126,122,118,0
v1,lamp,30,10,121,117,113,0
v1,lamp,30,11,118,114,109,0
v1,lamp,30,12,114,109,105,0
v1,lamp,30,13,110,105,101,0
v1,lamp,30,14,107,102,97,0
v1,lamp,30,15,104,99,93,0
v1,lamp,30,16,101,96,90,0
v1,lamp,30,17,98,93,87,0
v1,lamp,30,18,95,90,84,0
v1,lamp,30,19,93,87,82,0
v1,lamp,30,20,91,85,79,0
v1,lamp,30,21,88,82,76,0
v1,lamp,30,22,86,80,75,0
v1,lamp,30,23,84,78,72,0
v1,lamp,30,24,81,75,69,0
v1,lamp,30,25,79,73,67,0
v1,lamp,30,26,77,71,65,0
v1,lamp,30,27,75,70,64,0
v1,lamp,30,28,73,67,62,0
v1,lamp,30,29,72,66,60,0
v1,lamp,30,30,70,64,59,0
v1,lamp,30,31,69,63,57,0
v1,lamp,30,32,67,61,56,0
v1,lamp,30,33,65,59,54,0
v1,lamp,30,34,64,58,53,0
v1,lamp,30,35,62,57,52,0
v1,lamp,30,36,61,56,51,0
v1,lamp,30,37,59,54,49,0
v1,lamp,30,38,58,53,48,0
v1,lamp,30,39,57,52,47,0
v1,lamp,30,40,56,51,46,0
v1,lamp,30,41,55,49,45,0
v1,lamp,30,42,54,49,45,0
v1,lamp,30,43,53,48,44,0
v1,lamp,30,44,51,46,42,0
v1,lamp,30,45,50,45,41,0
v1,lamp,30,46,49,44,40,0
v1,lamp,30,47,49,44,40,0
v1,lamp,30,48,48,44,40,0
v1,lamp,30,49,47,42,38,0
v1,lamp,30,50,46,42,38,0
v1,lamp,30,51,46,41,37,0
v1,lamp,30,52,45,41,37,0
v1,lamp,30,53,43,39,35,0
v1,lamp,30,54,43,39,35,0
v1,lamp,30,55,43,39,35,0
v1,lamp,30,56,42,38,35,0
v1,lamp,30,57,41,37,33,0
v1,lamp,30,58,41,37,33,0
v1,lamp,30,59,40,36,32,0
v1,lamp,30,60,40,36,32,0
v1,lamp,30,61,38,35,31,0
v1,lamp,30,62,38,35,31,0
v1,lamp,30,63,38,34,30,0
v1,lamp,30,64,37,33,30,0
v1,lamp,30,65,37,33,30,0
v1,lamp,30,66,36,32,29,0
v1,lamp,30,67,35,32,29,0
v1,lamp,30,68,35,31,28,0
v1,lamp,30,69,35,31,28,0
v1,lamp,30,70,34,31,28,0
v1,lamp,30,71,34,30,27,0
v1,lamp,30,72,33,29,26,0
v1,lamp,30,73,33,30,27,0
v1,lamp,30,74,32,29,26,0
v1,lamp,30,75,32,29,26,0
v1,lamp,30,76,32,28,25,0
v1,lamp,30,77,32,28,25,0
v1,lamp,30,78,31,27,24,0
v1,lamp,30,79,31,28,25,0
v1,lamp,30,80,30,27,23,0
v1,lamp,30,81,30,26,23,0
v1,lamp,30,82,29,26,23,0
v1,lamp,30,83,29,26,23,0
v1,lamp,30,84,29,26,23,0
v1,lamp,30,85,28,25,22,0
v1,lamp,30,86,28,25,22,0
v1,lamp,30,87,28,25,22,0
v1,lamp,30,88,28,24,21,0
v1,lamp,30,89,27,24,21,0
v1,lamp,30,90,27,24,21,0
v1,lamp,30,91,26,23,20,0
v1,lamp,30,92,26,23,20,0
v1,lamp,30,93,25,22,19,0
v1,lamp,30,94,26,23,20,0
v1,lamp,30,95,25,22,19,0
v1,lamp,30,96,25,22,19,0
v1,lamp,30,97,25,22,19,0
v1,lamp,30,98,24,21,18,0
v1,lamp,30,99,24,21,18,0
v1,lamp,30,100,24,21,19,0
v1,lamp,30,101,24,21,18,0
v1,lamp,30,102,23,20,17,0
v1,lamp,30,103,23,20,17,0
v1,lamp,30,104,22,19,17,0
v1,lamp,30,105,23,20,17,0
v1,lamp,30,106,22,19,16,0
v1,lamp,30,107,22,19,17,0
v1,lamp,30,108,22,19,16,0
v1,lamp,30,109,22,19,16,0
v1,lamp,30,110,21,18,15,0
v1,lamp,30,111,21,18,15,0
v1,lamp,30,112,21,18,16,0
v1,lamp,30,113,21,18,15,0
v1,lamp,30,114,21,18,15,0
v1,lamp,30,115,20,17,14,0
v1,lamp,30,116,20,17,15,0
v1,lamp,30,117,20,17,14,0
v1,lamp,30,118,20,17,15,0
v1,lamp,30,119,19,17,14,0
v1,lamp,30,120,19,16,13,0
v1,lamp,30,121,19,16,14,0
v1,lamp,30,122,18,16,13,0
v1,lamp,30,123,19,16,14,0
v1,lamp,30,124,18,15,13,0
v1,lamp,30,125,18,16,13,0
v1,lamp,30,126,18,15,13,0
v1,lamp,30,127,18,15,13,0
v1,lamp,30,128,17,15,12,0
v1,lamp,30,129,18,15,13,0
v1,lamp,30,130,17,15,12,0
v1,lamp,30,131,17,14,12,0
v1,lamp,30,132,16,14,11,0
v1,lamp,30,133,17,14,12,0
v1,lamp,30,134,16,14,11,0
v1,lamp,30,135,16,14,11,0
v1,lamp,30,136,16,14,11,0
v1,lamp,30,137,16,13,11,0
v1,lamp,30,138,15,13,10,0
v1,lamp,30,139,15,13,10,0
v1,lamp,30,140,15,13,10,0
v1,lamp,30,141,15,12,10,0
v1,lamp,30,142,15,13,10,0
v1,lamp,30,143,15,12,10,0
v1,lamp,30,144,15,12,10,0
v1,lamp,30,145,15,12,10,0
v1,lamp,30,146,15,12,10,0
v1,lamp,30,147,15,12,10,0
v1,lamp,30,148,14,12,9,0
v1,lamp,30,149,14,11,9,0
v1,lamp,30,150,14,11,9,0
v1,lamp,30,151,13,11,9,0
v1,lamp,30,152,14,11,9,0
v1,lamp,30,153,14,11,9,0
v1,lamp,30,154,14,11,9,0
v1,lamp,30,155,13,10,8,0
v1,lamp,30,156,13,10,8,0
v1,lamp,30,157,13,11,8,0
v1,lamp,30,158,13,11,8,0
v1,lamp,30,159,12,10,8,0
v1,lamp,30,160,12,10,8,0
v1,lamp,30,161,13,10,8,0
v1,lamp,30,162,13,10,8,0
v1,lamp,30,163,12,9,7,0
v1,lamp,30,164,12,9,7,0
v1,lamp,30,165,12,10,8,0
v1,lamp,30,166,11,9,7,0
v1,lamp,30,167,12,9,7,0
v1,lamp,30,168,11,9,7,0
v1,lamp,30,169,11,9,7,0
v1,lamp,30,170,11,9,7,0
v1,lamp,30,171,11,9,7,0
v1,lamp,30,172,11,9,7,0
v1,lamp,30,173,11,9,7,0
v1,lamp,30,174,11,8,7,0
v1,lamp,30,175,10,8,6,0
v1,lamp,30,176,11,9,7,0
v1,lamp,30,177,10,8,6,0
v1,lamp,30,178,10,8,7,0
v1,lamp,30,179,10,8,6,0
v1,lamp,30,180,10,8,6,0
v1,lamp,30,181,10,8,6,0
v1,lamp,30,182,10,8,6,0
v1,lamp,30,183,9,7,5,0
v1,lamp,30,184,10,8,6,0
v1,lamp,30,185,10,8,6,0
v1,lamp,30,186,9,7,6,0
v1,lamp,30,187,10,8,6,0
v1,lamp,30,188,9,7,5,0
v1,lamp,30,189,9,7,6,0
v1,lamp,30,190,9,7,5,0
v1,lamp,30,191,8,6,5,0
v1,lamp,30,192,9,7,5,0
v1,lamp,30,193,9,7,5,0
v1,lamp,30,194,9,7,5,0
v1,lamp,30,195,8,6,5,0
v1,lamp,30,196,8,6,5,0
v1,lamp,30,197,8,6,5,0
v1,lamp,30,198,8,6,5,0
v1,lamp,30,199,8,6,5,0
v1,lamp,30,200,8,6,4,0
v1,lamp,30,201,8,6,5,0
v1,lamp,30,202,8,6,5,0
v1,lamp,30,203,7,6,4,0
v1,lamp,30,204,8,6,5,0
v1,lamp,30,205,8,6,4,0
v1,lamp,30,206,8,6,5,0
v1,lamp,30,207,8,6,4,0
v1,lamp,30,208,7,5,4,0
v1,lamp,30,209,7,6,4,0
v1,lamp,30,210,7,5,4,0
v1,lamp,30,211,7,5,4,0
v1,lamp,30,212,7,6,4,0
v1,lamp,30,213,7,5,4,0
v1,lamp,30,214,7,5,4,0
v1,lamp,30,215,7,5,3,0
v1,lamp,30,216,7,6,4,0
v1,lamp,30,217,6,5,3,0
v1,lamp,30,218,7,5,4,0
v1,lamp,30,219,6,5,3,0
v1,lamp,30,220,7,5,4,0
v1,lamp,30,221,6,5,3,0
v1,lamp,30,222,6,5,3,0
v1,lamp,30,223,6,5,3,0
v1,lamp,30,224,6,5,3,0
v1,lamp,30,225,6,4,3,0
v1,lamp,30,226,6,5,4,0
v1,lamp,30,227,6,4,3,0
v1,lamp,30,228,6,5,4,0
v1,lamp,30,229,5,4,3,0
v1,lamp,30,230,6,4,3,0
v1,lamp,30,231,6,5,3,0
v1,lamp,30,232,5,4,3,0
v1,lamp,30,233,6,5,3,0
v1,lamp,30,234,6,4,3,0
v1,lamp,30,235,6,4,3,0
v1,lamp,30,236,5,4,3,0
v1,lamp,30,237,6,4,3,0
v1,lamp,30,238,5,4,2,0
v1,lamp,30,239,5,4,3,0
v1,lamp,30,240,5,4,2,0
v1,lamp,30,241,6,4,3,0
v1,lamp,30,242,5,3,2,0
v1,lamp,30,243,5,3,2,0
v1,lamp,30,244,5,4,3,0
v1,lamp,30,245,5,4,3,0
v1,lamp,30,246,5,4,3,0
v1,lamp,30,247,5,4,3,0
v1,lamp,30,248,5,4,3,0
v1,lamp,30,249,5,3,2,0
v1,lamp,30,250,5,3,2,0
v1,lamp,30,251,5,3,2,0
v1,lamp,30,252,4,3,2,0
v1,lamp,30,253,4,3,2,0
v1,lamp,30,254,5,3,3,0
v1,lamp,30,255,5,3,2,0
v1,lamp,30,256,5,3,2,0
v1,lamp,30,257,5,3,3,0
v1,lamp,30,258,5,3,2,0
v1,lamp,30,259,4,3,2,0
v1,lamp,30,260,4,3,2,0
v1,lamp,30,261,4,3,2,0
v1,lamp,30,262,4,3,2,0
v1,lamp,30,263,4,2,1,0
v1,lamp,30,264,4,3,2,0
v1,lamp,30,265,4,3,2,0
v1,lamp,30,266,3,2,1,0
v1,lamp,30,267,4,3,2,0
v1,lamp,30,268,4,3,2,0
v1,lamp,30,269,4,3,2,0
v1,lamp,30,270,4,3,2,0
v1,lamp,30,271,4,3,2,0
v1,lamp,30,272,3,2,1,0
v1,lamp,30,273,3,2,1,0
v1,lamp,30,274,3,2,1,0
v1,lamp,30,275,3,2,1,0
v1,lamp,30,276,4,3,2,0
v1,lamp,30,277,4,3,2,0
v1,lamp,30,278,3,2,1,0
v1,lamp,30,279,4,3,2,0
v1,lamp,30,280,4,3,2,0
v1,lamp,30,281,3,2,1,0
v1,lamp,30,282,3,2,1,0
v1,lamp,30,283,3,2,1,0
v1,lamp,30,284,3,2,2,0
v1,lamp,30,285,3,2,1,0
v1,lamp,30,286,3,2,1,0
v1,lamp,30,287,4,3,2,0
v1,lamp,30,288,3,2,1,0
v1,lamp,30,289,3,2,2,0
v1,lamp,30,290,3,2,2,0
v1,lamp,30,291,3,2,1,0
v1,lamp,30,292,3,2,1,0
v1,lamp,30,293,3,2,1,0
v1,lamp,30,294,3,2,2,0
v1,lamp,30,295,3,2,1,0
v1,lamp,30,296,3,2,1,0
v1,lamp,30,297,3,2,1,0
v1,lamp,30,298,3,2,2,0
v1,lamp,30,299,3,2,1,0
v1,lamp,30,300,3,2,1,0
v1,lamp,30,301,3,2,1,0
v1,lamp,30,302,2,2,1,0
v1,lamp,30,303,3,2,2,0
v1,lamp,30,304,3,2,1,0
v1,lamp,30,305,2,2,1,0
v1,lamp,30,306,2,2,1,0
v1,lamp,30,307,2,1,1,0
v1,lamp,30,308,3,2,1,0
v1,lamp,30,309,2,1,1,0
v1,lamp,30,310,2,2,1,0
v1,lamp,30,311,3,2,1,0
v1,lamp,30,312,3,2,1,0
v1,lamp,30,313,2,1,1,0
v1,lamp,30,314,2,1,1,0
v1,lamp,30,315,2,2,1,0
v1,lamp,30,316,2,1,1,0
v1,lamp,30,317,2,1,1,0
v1,lamp,30,318,3,2,1,0
v1,lamp,30,319,2,1,1,0
v1,lamp,30,320,2,1,1,0
v1,lamp,30,321,3,2,1,0
v1,lamp,30,322,3,2,1,0
v1,lamp,30,323,2,1,1,0
v1,lamp,30,324,2,1,1,0
v1,lamp,30,325,2,2,1,0
v1,lamp,30,326,2,1,1,0
v1,lamp,30,327,2,2,1,0
v1,lamp,30,328,2,1,1,0
v1,lamp,30,329,2,2,1,0
v1,lamp,30,330,2,1,0,0
v1,lamp,30,331,2,1,1,0
v1,lamp,30,332,2,1,1,0
v1,lamp,30,333,1,1,0,0
v1,lamp,30,334,2,2,1,0
v1,lamp,30,335,2,1,1,0
v1,lamp,30,336,1,1,0,0
v1,lamp,30,337,1,1,0,0
v1,lamp,30,338,2,1,1,0
v1,lamp,30,339,2,1,1,0
v1,lamp,30,340,2,1,1,0
v1,lamp,30,341,2,1,1,0
v1,lamp,30,342,2,1,0,0
v1,lamp,30,343,1,1,0,0
v1,lamp,30,344,1,1,0,0
v1,lamp,30,345,2,1,1,0
v1,lamp,30,346,2,1,1,0
v1,lamp,30,347,2,1,1,0
v1,lamp,30,348,1,1,0,0
v1,lamp,30,349,2,1,1,0
v1,lamp,30,350,1,1,0,0
v1,lamp,30,351,2,1,1,0
v1,lamp,30,352,1,1,0,0
v1,lamp,30,353,1,1,0,0
v1,lamp,30,354,2,1,1,0
v1,lamp,30,355,2,1,1,0
v1,lamp,30,356,1,1,0,0
v1,lamp,30,357,2,1,1,0
v1,lamp,30,358,1,1,1,0
v1,lamp,30,359,2,1,1,0
v1,lamp,30,360,1,1,1,0
v1,lamp,30,361,1,1,0,0
v1,lamp,30,362,1,1,0,0
v1,lamp,30,363,1,1,0,0
v1,lamp,30,364,1,1,1,0
v1,lamp,30,365,2,1,1,0
v1,lamp,30,366,1,1,0,0
v1,lamp,30,367,1,0,0,0
v1,lamp,30,368,2,1,1,0
v1,lamp,30,369,2,1,1,0
v1,lamp,30,370,1,1,0,0
v1,lamp,30,371,2,1,1,0
v1,lamp,30,372,1,1,1,0
v1,lamp,30,373,1,0,0,0
v1,lamp,30,374,1,1,0,0
v1,lamp,30,375,1,0,0,0
v1,lamp,30,376,2,1,1,0
v1,lamp,30,377,1,0,0,0
v1,lamp,30,378,1,1,0,0
v1,lamp,30,379,1,1,1,0
v1,lamp,30,380,1,1,0,0
v1,lamp,30,381,2,1,1,0
v1,lamp,30,382,1,0,0,0
v1,lamp,30,383,1,1,0,0
v1,lamp,30,384,1,0,0,0
v1,lamp,30,385,1,1,0,0
v1,lamp,30,386,1,1,1,0
v1,lamp,30,387,1,1,0,0
v1,lamp,30,388,1,1,1,0
v1,lamp,30,389,1,1,1,0
v1,lamp,30,390,1,1,0,0
v1,lamp,30,391,1,1,1,0
v1,lamp,30,392,1,0,0,0
v1,lamp,30,393,1,1,1,0
v1,lamp,30,394,1,1,1,0
v1,lamp,30,395,1,0,0,0
v1,lamp,30,396,1,1,1,0
v1,lamp,30,397,1,0,0,0
v1,lamp,30,398,1,0,0,0
v1,lamp,30,399,1,1,1,0
v1,lamp,30,400,1,0,0,0
v1,lamp,30,401,1,1,0,0
v1,lamp,30,402,1,1,1,0
v1,lamp,30,403,1,0,0,0
v1,lamp,30,404,1,1,0,0
v1,lamp,30,405,1,1,1,0
v1,lamp,30,406,0,0,0,0
v1,lamp,30,407,1,1,0,0
v1,lamp,30,408,1,0,0,0
v1,lamp,30,409,1,0,0,0
v1,lamp,30,410,1,1,1,0
v1,lamp,30,411,1,0,0,0
v1,lamp,30,412,1,1,1,0
v1,lamp,30,413,1,1,1,0
v1,lamp,30,414,0,0,0,0
v1,lamp,30,415,0,0,0,0
v1,lamp,30,416,1,1,0,0
v1,lamp,30,417,0,0,0,0
v1,lamp,30,418,1,1,1,0
v1,lamp,30,419,1,0,0,0
v1,lamp,30,420,1,1,1,0
v1,lamp,30,421,1,1,1,0
v1,lamp,30,422,1,1,0,0
v1,lamp,30,423,1,0,0,0
v1,lamp,30,424,1,0,0,0
v1,lamp,30,425,0,0,0,0
v1,lamp,30,426,1,1,0,0
v1,lamp,30,427,1,1,0,0
v1,lamp,30,428,1,1,0,0
v1,lamp,30,429,1,0,0,0
v1,lamp,30,430,1,1,1,0
v1,lamp,30,431,0,0,0,0
v1,lamp,30,432,0,0,0,0
v1,lamp,30,433,1,0,0,0
v1,lamp,30,434,0,0,0,0
v1,lamp,30,435,1,0,0,0
v1,lamp,30,436,1,0,0,0
v1,lamp,30,437,0,0,0,0
v1,lamp,30,438,1,1,0,0
v1,lamp,30,439,1,0,0,0
v1,lamp,30,440,0,0,0,0
v1,lamp,30,441,1,0,0,0
v1,lamp,30,442,0,0,0,0
v1,lamp,30,443,1,1,0,0
v1,lamp,30,444,1,1,1,0
v1,lamp,30,445,1,1,1,0
v1,lamp,30,446,0,0,0,0
v1,lamp,30,447,1,1,1,0
v1,lamp,30,448,0,0,0,0
v1,lamp,30,449,1,1,1,0
v1,lamp,30,450,0,0,0,0
v1,lamp,30,451,1,1,0,0
v1,lamp,30,452,1,1,1,0
v1,lamp,30,453,0,0,0,0
v1,lamp,30,454,0,0,0,0
v1,lamp,30,455,1,1,1,0
v1,lamp,30,456,1,1,1,0
v1,lamp,30,457,1,1,0,0
v1,lamp,30,458,0,0,0,0
v1,lamp,30,459,0,0,0,0
v1,lamp,30,460,0,0,0,0
v1,lamp,30,461,0,0,0,0
v1,lamp,30,462,0,0,0,0
v1,lamp,30,463,0,0,0,0
v1,lamp,30,464,0,0,0,0
v1,lamp,30,465,0,0,0,0
v1,lamp,30,466,0,0,0,0
v1,lamp,30,467,0,0,0,0
v1,lamp,30,468,0,0,0,0
v1,lamp,30,469,0,0,0,0
v1,lamp,30,470,0,0,0,0
v1,lamp,30,471,0,0,0,0
v1,lamp,30,472,0,0,0,0
v1,lamp,30,473,0,0,0,0
v1,lamp,30,474,0,0,0,0
v1,lamp,30,475,0,0,0,0
v1,lamp,30,476,0,0,0,0
v1,lamp,30,477,0,0,0,0
v1,lamp,30,478,0,0,0,0
v1,lamp,30,479,0,0,0,0
v1,lamp,30,480,0,0,0,0
v1,lamp,30,481,0,0,0,0
v1,lamp,30,482,0,0,0,0
v1,lamp,30,483,0,0,0,0
v1,lamp,30,484,0,0,0,0
v1,lamp,30,485,0,0,0,0
v1,lamp,30,486,0,0,0,0
v1,lamp,30,487,0,0,0,0
v1,lamp,30,488,0,0,0,0
v1,lamp,30,489,0,0,0,0
v1,lamp,30,490,0,0,0,0
v1,lamp,30,491,0,0,0,0
v1,lamp,30,492,0,0,0,0
v1,lamp,30,493,0,0,0,0
v1,lamp,30,494,0,0,0,0
v1,lamp,30,495,0,0,0,0
v1,lamp,30,496,0,0,0,0
v1,lamp,30,497,0,0,0,0
v1,lamp,30,498,0,0,0,0
v1,lamp,30,499,0,0,0,0
v1,lamp,30,500,0,0,0,0
v1,lamp,30,501,0,0,0,0
v1,lamp,30,502,0,0,0,0
v1,lamp,30,503,0,0,0,0
v1,lamp,30,504,0,0,0,0
v1,lamp,30,505,0,0,0,0
v1,lamp,30,506,0,0,0,0
v1,lamp,30,507,0,0,0,0
v1,lamp,30,508,0,0,0,0
v1,lamp,30,509,0,0,0,0
v1,lamp,30,510,0,0,0,0
v1,lamp,30,511,0,0,0,0
v1,lamp,30,512,0,0,0,0
v1,lamp,30,513,0,0,0,0
v1,lamp,30,514,0,0,0,0
v1,lamp,30,515,0,0,0,0
v1,lamp,30,516,0,0,0,0
v1,lamp,30,517,0,0,0,0
v1,lamp,30,518,0,0,0,0
v1,lamp,30,519,0,0,0,0
v1,lamp,30,520,0,0,0,0
v1,lamp,30,521,0,0,0,0
v1,lamp,30,522,0,0,0,0
v1,lamp,30,523,0,0,0,0
v1,lamp,30,524,0,0,0,0
v1,lamp,30,525,0,0,0,0
v1,lamp,30,526,0,0,0,0
v1,lamp,30,527,0,0,0,0
v1,lamp,30,528,0,0,0,0
v1,lamp,30,529,0,0,0,0
v1,lamp,30,530,0,0,0,0
v1,lamp,30,531,0,0,0,0
v1,lamp,30,532,0,0,0,0
v1,lamp,30,533,0,0,0,0
v1,lamp,30,534,0,0,0,0
v1,lamp,30,535,0,0,0,0
v1,lamp,30,536,0,0,0,0
v1,lamp,30,537,0,0,0,0
v1,lamp,30,538,0,0,0,0
v1,lamp,30,539,0,0,0,0
v1,lamp,30,540,0,0,0,0
v1,lamp,30,541,0,0,0,0
v1,lamp,30,542,0,0,0,0
v1,lamp,30,543,0,0,0,0
v1,lamp,30,544,0,0,0,0
v1,lamp,30,545,0,0,0,0
v1,lamp,30,546,0,0,0,0
v1,lamp,30,547,0,0,0,0
v1,lamp,30,548,0,0,0,0
v1,lamp,30,549,0,0,0,0
v1,lamp,30,550,0,0,0,0
v1,lamp,30,551,0,0,0,0
v1,lamp,30,552,0,0,0,0
v1,lamp,30,553,0,0,0,0
v1,lamp,30,554,0,0,0,0
v1,lamp,30,555,0,0,0,0
v1,lamp,30,556,0,0,0,0
v1,lamp,30,557,0,0,0,0
v1,lamp,30,558,0,0,0,0
v1,lamp,30,559,0,0,0,0
v1,lamp,30,560,0,0,0,0
v1,lamp,30,561,0,0,0,0
v1,lamp,30,562,0,0,0,0
v1,lamp,30,563,0,0,0,0
v1,lamp,30,564,0,0,0,0
v1,lamp,30,565,0,0,0,0
v1,lamp,30,566,0,0,0,0
v1,lamp,30,567,0,0,0,0
v1,lamp,30,568,0,0,0,0
v1,lamp,30,569,0,0,0,0
v1,lamp,30,570,0,0,0,0
v1,lamp,30,571,0,0,0,0
v1,lamp,30,572,0,0,0,0
v1,lamp,30,573,0,0,0,0
v1,lamp,30,574,0,0,0,0
v1,lamp,30,575,0,0,0,0
v1,lamp,30,576,0,0,0,0
v1,lamp,30,577,0,0,0,0
v1,lamp,30,578,0,0,0,0
v1,lamp,30,579,0,0,0,0
v1,lamp,30,580,0,0,0,0
v1,lamp,30,581,0,0,0,0
v1,lamp,30,582,0,0,0,0
v1,lamp,30,583,0,0,0,0
v1,lamp,30,584,0,0,0,0
v1,lamp,30,585,0,0,0,0
v1,lamp,30,586,0,0,0,0
v1,lamp,30,587,0,0,0,0
v1,lamp,30,588,0,0,0,0
v1,lamp,30,589,0,0,0,0
v1,lamp,30,590,0,0,0,0
v1,lamp,30,591,0,0,0,0
v1,lamp,30,592,0,0,0,0
v1,lamp,30,593,0,0,0,0
v1,lamp,30,594,0,0,0,0
v1,lamp,30,595,0,0,0,0
v1,lamp,30,596,0,0,0,0
v1,lamp,30,597,0,0,0,0
v1,lamp,30,598,0,0,0,0
v1,lamp,30,599,0,0,0,0
v1,lamp,30,600,0,0,0,0
v1,lamp,30,601,0,0,0,0
v1,lamp,30,602,0,0,0,0
v1,lamp,30,603,0,0,0,0
v1,lamp,30,604,0,0,0,0
v1,lamp,30,605,0,0,0,0
v1,lamp,30,606,0,0,0,0
v1,lamp,30,607,0,0,0,0
v1,lamp,30,608,0,0,0,0
v1,lamp,30,609,0,0,0,0
v1,lamp,30,610,0,0,0,0
v1,lamp,30,611,0,0,0,0
v1,lamp,30,612,0,0,0,0
v1,lamp,30,613,0,0,0,0
v1,lamp,30,614,0,0,0,0
v1,lamp,30,615,0,0,0,0
v1,lamp,30,616,0,0,0,0
v1,lamp,30,617,0,0,0,0
v1,lamp,30,618,0,0,0,0
v1,lamp,30,619,0,0,0,0
v1,lamp,30,620,0,0,0,0
v1,lamp,30,621,0,0,0,0
v1,lamp,30,622,0,0,0,0
v1,lamp,30,623,0,0,0,0
v1,lamp,30,624,0,0,0,0
v1,lamp,30,625,0,0,0,0
v1,lamp,30,626,0,0,0,0
v1,lamp,30,627,0,0,0,0
v1,lamp,30,628,0,0,0,0
v1,lamp,30,629,0,0,0,0
v1,lamp,30,630,0,0,0,0
v1,lamp,30,631,0,0,0,0
v1,lamp,30,632,0,0,0,0
v1,lamp,30,633,0,0,0,0
v1,lamp,30,634,0,0,0,0
v1,lamp,30,635,0,0,0,0
v1,lamp,30,636,0,0,0,0
v1,lamp,30,637,0,0,0,0
v1,lamp,30,638,0,0,0,0
v1,lamp,30,639,0,0,0,0
v1,lamp,30,640,0,0,0,0
v1,lamp,30,641,0,0,0,0
v1,lamp,30,642,0,0,0,0
v1,lamp,30,643,0,0,0,0
v1,lamp,30,644,0,0,0,0
v1,lamp,30,645,0,0,0,0
v1,lamp,30,646,0,0,0,0
v1,lamp,30,647,0,0,0,0
v1,lamp,30,648,0,0,0,0
v1,lamp,30,649,0,0,0,0
v1,lamp,30,650,0,0,0,0
v1,lamp,30,651,0,0,0,0
v1,lamp,30,652,0,0,0,0
v1,lamp,30,653,0,0,0,0
v1,lamp,30,654,0,0,0,0
v1,lamp,30,655,0,0,0,0
v1,lamp,30,656,0,0,0,0
v1,lamp,30,657,0,0,0,0
v1,lamp,30,658,0,0,0,0
v1,lamp,30,659,0,0,0,0
v1,lamp,30,660,0,0,0,0
v1,lamp,30,661,0,0,0,0
v1,lamp,30,662,0,0,0,0
v1,lamp,30,663,0,0,0,0
v1,lamp,30,664,0,0,0,0
v1,lamp,30,665,0,0,0,0
v1,lamp,30,666,0,0,0,0
v1,lamp,30,667,0,0,0,0
v1,lamp,30,668,0,0,0,0
v1,lamp,30,669,0,0,0,0
v1,lamp,30,670,0,0,0,0
v1,lamp,30,671,0,0,0,0
v1,lamp,30,672,0,0,0,0
v1,lamp,30,673,0,0,0,0
v1,lamp,30,674,0,0,0,0
v1,lamp,30,675,0,0,0,0
v1,lamp,30,676,0,0,0,0
v1,lamp,30,677,0,0,0,0
v1,lamp,30,678,0,0,0,0
v1,lamp,30,679,0,0,0,0
v1,lamp,30,680,0,0,0,0
v1,lamp,30,681,0,0,0,0
v1,lamp,30,682,0,0,0,0
v1,lamp,30,683,0,0,0,0
v1,lamp,30,684,0,0,0,0
v1,lamp,30,685,0,0,0,0
v1,lamp,30,686,0,0,0,0
v1,lamp,30,687,0,0,0,0
v1,lamp,30,688,0,0,0,0
v1,lamp,30,689,0,0,0,0
v1,lamp,30,690,0,0,0,0
v1,lamp,30,691,0,0,0,0
v1,lamp,30,692,0,0,0,0
v1,lamp,30,693,0,0,0,0
v1,lamp,30,694,0,0,0,0
v1,lamp,30,695,0,0,0,0
v1,lamp,30,696,0,0,0,0
v1,lamp,30,697,0,0,0,0
v1,lamp,30,698,0,0,0,0
v1,lamp,30,699,0,0,0,0
v1,lamp,60,0,255,255,255,6
v1,lamp,60,1,255,255,255,6
v1,lamp,60,2,255,255,255,4
v1,lamp,60,3,232,231,230,0
v1,lamp,60,4,215,214,212,0
v1,lamp,60,5,210,207,205,0
v1,lamp,60,6,205,202,199,0
v1,lamp,60,7,200,196,192,0
v1,lamp,60,8,196,192,188,0
v1,lamp,60,9,191,186,181,0
v1,lamp,60,10,186,181,176,0
v1,lamp,60,11,182,176,171,0
v1,lamp,60,12,177,171,165,0
v1,lamp,60,13,173,167,160,0
v1,lamp,60,14,169,162,155,0
v1,lamp,60,15,165,158,150,0
v1,lamp,60,16,161,153,146,0
v1,lamp,60,17,157,149,141,0
v1,lamp,60,18,153,145,137,0
v1,lamp,60,19,150,142,133,0
v1,lamp,60,20,147,138,130,0
v1,lamp,60,21,143,134,126,0
v1,lamp,60,22,140,131,122,0
v1,lamp,60,23,136,128,119,0
v1,lamp,60,24,133,124,115,0
v1,lamp,60,25,129,120,112,0
v1,lamp,60,26,126,117,109,0
v1,lamp,60,27,124,115,106,0
v1,lamp,60,28,121,112,103,0
v1,lamp,60,29,118,109,101,0
v1,lamp,60,30,116,106,98,0
v1,lamp,60,31,113,104,96,0
v1,lamp,60,32,111,102,93,0
v1,lamp,60,33,108,99,91,0
v1,lamp,60,34,106,97,89,0
v1,lamp,60,35,104,95,87,0
v1,lamp,60,36,102,93,85,0
v1,lamp,60,37,99,91,83,0
v1,lamp,60,38,97,88,81,0
v1,lamp,60,39,96,87,79,0
v1,lamp,60,40,94,85,78,0
v1,lamp,60,41,92,83,76,0
v1,lamp,60,42,90,82,75,0
v1,lamp,60,43,89,81,73,0
v1,lamp,60,44,86,78,71,0
v1,lamp,60,45,85,77,70,0
v1,lamp,60,46,83,75,68,0
v1,lamp,60,47,82,75,68,0
v1,lamp,60,48,81,73,67,0
v1,lamp,60,49,79,71,65,0
v1,lamp,60,50,78,71,64,0
v1,lamp,60,51,77,70,63,0
v1,lamp,60,52,76,68,62,0
v1,lamp,60,53,74,67,60,0
v1,lamp,60,54,73,66,60,0
v1,lamp,60,55,72,65,59,0
v1,lamp,60,56,71,64,58,0
v1,lamp,60,57,69,62,56,0
v1,lamp,60,58,69,62,56,0
v1,lamp,60,59,67,61,55,0
v1,lamp,60,60,67,60,55,0
v1,lamp,60,61,65,59,53,0
v1,lamp,60,62,65,58,53,0
v1,lamp,60,63,64,57,52,0
v1,lamp,60,64,62,56,50,0
v1,lamp,60,65,62,56,51,0
v1,lamp,60,66,61,55,49,0
v1,lamp,60,67,60,54,49,0
v1,lamp,60,68,59,53,48,0
v1,lamp,60,69,59,53,47,0
v1,lamp,60,70,58,52,47,0
v1,lamp,60,71,57,51,46,0
v1,lamp,60,72,56,50,45,0
v1,lamp,60,73,56,50,45,0
v1,lamp,60,74,55,49,44,0
v1,lamp,60,75,54,49,44,0
v1,lamp,60,76,54,48,43,0
v1,lamp,60,77,53,48,42,0
v1,lamp,60,78,52,47,41,0
v1,lamp,60,79,52,47,41,0
v1,lamp,60,80,51,45,40,0
v1,lamp,60,81,51,45,40,0
v1,lamp,60,82,49,44,39,0
v1,lamp,60,83,49,44,39,0
v1,lamp,60,84,49,44,39,0
v1,lamp,60,85,48,43,38,0
v1,lamp,60,86,48,43,38,0
v1,lamp,60,87,47,42,37,0
v1,lamp,60,88,47,41,36,0
v1,lamp,60,89,46,41,36,0
v1,lamp,60,90,45,40,35,0
v1,lamp,60,91,45,39,34,0
v1,lamp,60,92,44,39,34,0
v1,lamp,60,93,43,38,33,0
v1,lamp,60,94,44,38,33,0
v1,lamp,60,95,43,37,33,0
v1,lamp,60,96,43,38,33,0
v1,lamp,60,97,42,37,32,0
v1,lamp,60,98,41,36,31,0
v1,lamp,60,99,41,36,31,0
v1,lamp,60,100,41,36,31,0
v1,lamp,60,101,40,35,30,0
v1,lamp,60,102,40,34,30,0
v1,lamp,60,103,39,34,29,0
v1,lamp,60,104,38,33,29,0
v1,lamp,60,105,39,34,29,0
v1,lamp,60,106,38,33,28,0
v1,lamp,60,107,38,33,28,0
v1,lamp,60,108,37,32,28,0
v1,lamp,60,109,37,32,27,0
v1,lamp,60,110,36,31,27,0
v1,lamp,60,111,36,31,26,0
v1,lamp,60,112,36,31,26,0
v1,lamp,60,113,35,30,26,0
v1,lamp,60,114,35,30,26,0
v1,lamp,60,115,34,29,25,0
v1,lamp,60,116,34,30,25,0
v1,lamp,60,117,33,29,24,0
v1,lamp,60,118,34,29,24,0
v1,lamp,60,119,33,28,24,0
v1,lamp,60,120,32,27,23,0
v1,lamp,60,121,32,27,23,0
v1,lamp,60,122,32,27,23,0
v1,lamp,60,123,32,27,23,0
v1,lamp,60,124,31,26,22,0
v1,lamp,60,125,31,26,22,0
v1,lamp,60,126,30,26,21,0
v1,lamp,60,127,30,26,21,0
v1,lamp,60,128,30,25,21,0
v1,lamp,60,129,30,25,21,0
v1,lamp,60,130,29,25,21,0
v1,lamp,60,131,29,24,20,0
v1,lamp,60,132,28,24,20,0
v1,lamp,60,133,28,24,20,0
v1,lamp,60,134,28,23,19,0
v1,lamp,60,135,28,23,19,0
v1,lamp,60,136,28,23,19,0
v1,lamp,60,137,27,23,19,0
v1,lamp,60,138,26,22,18,0
v1,lamp,60,139,26,22,18,0
v1,lamp,60,140,26,22,18,0
v1,lamp,60,141,26,21,17,0
v1,lamp,60,142,26,21,17,0
v1,lamp,60,143,25,21,17,0
v1,lamp,60,144,25,21,17,0
v1,lamp,60,145,25,21,17,0
v1,lamp,60,146,25,20,17,0
v1,lamp,60,147,25,20,17,0
v1,lamp,60,148,24,20,16,0
v1,lamp,60,149,24,19,16,0
v1,lamp,60,150,23,19,15,0
v1,lamp,60,151,23,19,15,0
v1,lamp,60,152,23,19,15,0
v1,lamp,60,153,23,19,15,0
v1,lamp,60,154,23,19,15,0
v1,lamp,60,155,22,18,14,0
v1,lamp,60,156,22,18,14,0
v1,lamp,60,157,22,18,14,0
v1,lamp,60,158,22,18,14,0
v1,lamp,60,159,21,17,13,0
v1,lamp,60,160,21,17,14,0
v1,lamp,60,161,21,17,14,0
v1,lamp,60,162,21,17,14,0
v1,lamp,60,163,20,16,13,0
v1,lamp,60,164,20,16,13,0
v1,lamp,60,165,20,17,13,0
v1,lamp,60,166,20,16,12,0
v1,lamp,60,167,20,16,13,0
v1,lamp,60,168,19,15,12,0
v1,lamp,60,169,19,15,12,0
v1,lamp,60,170,19,15,12,0
v1,lamp,60,171,19,15,12,0
v1,lamp,60,172,19,15,12,0
v1,lamp,60,173,19,15,12,0
v1,lamp,60,174,18,14,11,0
v1,lamp,60,175,18,14,11,0
v1,lamp,60,176,18,15,11,0
v1,lamp,60,177,18,14,11,0
v1,lamp,60,178,18,14,11,0
v1,lamp,60,179,17,13,10,0
v1,lamp,60,180,17,13,10,0
v1,lamp,60,181,17,13,10,0
v1,lamp,60,182,17,13,10,0
v1,lamp,60,183,16,13,10,0
v1,lamp,60,184,17,13,10,0
v1,lamp,60,185,16,13,10,0
v1,lamp,60,186,16,12,10,0
v1,lamp,60,187,16,13,10,0
v1,lamp,60,188,15,12,9,0
v1,lamp,60,189,16,12,9,0
v1,lamp,60,190,15,12,9,0
v1,lamp,60,191,15,11,9,0
v1,lamp,60,192,15,11,9,0
v1,lamp,60,193,15,12,9,0
v1,lamp,60,194,15,12,9,0
v1,lamp,60,195,14,11,8,0
v1,lamp,60,196,14,11,8,0
v1,lamp,60,197,14,11,8,0
v1,lamp,60,198,14,11,8,0
v1,lamp,60,199,14,11,8,0
v1,lamp,60,200,13,10,8,0
v1,lamp,60,201,14,11,8,0
v1,lamp,60,202,14,10,8,0
v1,lamp,60,203,13,10,7,0
v1,lamp,60,204,14,10,8,0
v1,lamp,60,205,13,10,7,0
v1,lamp,60,206,13,10,8,0
v1,lamp,60,207,13,10,7,0
v1,lamp,60,208,12,9,7,0
v1,lamp,60,209,12,9,7,0
v1,lamp,60,210,12,9,7,0
v1,lamp,60,211,12,9,7,0
v1,lamp,60,212,12,9,7,0
v1,lamp,60,213,12,9,6,0
v1,lamp,60,214,12,9,6,0
v1,lamp,60,215,11,8,6,0
v1,lamp,60,216,12,9,7,0
v1,lamp,60,217,11,8,6,0
v1,lamp,60,218,11,9,6,0
v1,lamp,60,219,11,8,6,0
v1,lamp,60,220,11,8,6,0
v1,lamp,60,221,11,8,6,0
v1,lamp,60,222,11,8,6,0
v1,lamp,60,223,11,8,6,0
v1,lamp,60,224,11,8,6,0
v1,lamp,60,225,10,7,5,0
v1,lamp,60,226,11,8,6,0
v1,lamp,60,227,10,8,5,0
v1,lamp,60,228,10,8,6,0
v1,lamp,60,229,10,7,5,0
v1,lamp,60,230,10,7,5,0
v1,lamp,60,231,10,8,6,0
v1,lamp,60,232,9,7,5,0
v1,lamp,60,233,10,7,6,0
v1,lamp,60,234,10,7,5,0
v1,lamp,60,235,10,7,5,0
v1,lamp,60,236,9,7,5,0
v1,lamp,60,237,10,7,5,0
v1,lamp,60,238,9,6,4,0
v1,lamp,60,239,9,7,5,0
v1,lamp,60,240,9,6,4,0
v1,lamp,60,241,9,7,5,0
v1,lamp,60,242,8,6,4,0
v1,lamp,60,243,8,6,4,0
v1,lamp,60,244,9,6,5,0
v1,lamp,60,245,9,6,4,0
v1,lamp,60,246,9,6,5,0
v1,lamp,60,247,8,6,4,0
v1,lamp,60,248,8,6,4,0
v1,lamp,60,249,8,6,4,0
v1,lamp,60,250,8,6,4,0
v1,lamp,60,251,8,6,4,0
v1,lamp,60,252,7,5,3,0
v1,lamp,60,253,8,5,4,0
v1,lamp,60,254,8,6,4,0
v1,lamp,60,255,8,6,4,0
v1,lamp,60,256,8,6,4,0
v1,lamp,60,257,8,6,4,0
v1,lamp,60,258,8,6,4,0
v1,lamp,60,259,7,5,3,0
v1,lamp,60,260,7,5,4,0
v1,lamp,60,261,7,5,3,0
v1,lamp,60,262,7,5,4,0
v1,lamp,60,263,6,4,3,0
v1,lamp,60,264,7,5,3,0
v1,lamp,60,265,7,5,4,0
v1,lamp,60,266,6,4,3,0
v1,lamp,60,267,7,5,3,0
v1,lamp,60,268,7,5,3,0
v1,lamp,60,269,7,5,4,0
v1,lamp,60,270,6,5,3,0
v1,lamp,60,271,7,5,3,0
v1,lamp,60,272,6,4,3,0
v1,lamp,60,273,6,4,3,0
v1,lamp,60,274,6,4,3,0
v1,lamp,60,275,6,4,3,0
v1,lamp,60,276,6,5,3,0
v1,lamp,60,277,6,5,3,0
v1,lamp,60,278,6,4,2,0
v1,lamp,60,279,6,4,3,0
v1,lamp,60,280,6,4,3,0
v1,lamp,60,281,6,4,3,0
v1,lamp,60,282,5,4,2,0
v1,lamp,60,283,5,4,2,0
v1,lamp,60,284,6,4,3,0
v1,lamp,60,285,5,4,2,0
v1,lamp,60,286,5,3,2,0
v1,lamp,60,287,6,4,3,0
v1,lamp,60,288,5,4,2,0
v1,lamp,60,289,5,4,3,0
v1,lamp,60,290,5,4,3,0
v1,lamp,60,291,5,4,2,0
v1,lamp,60,292,5,3,2,0
v1,lamp,60,293,5,4,2,0
v1,lamp,60,294,5,4,3,0
v1,lamp,60,295,5,4,2,0
v1,lamp,60,296,5,3,2,0
v1,lamp,60,297,5,3,2,0
v1,lamp,60,298,5,4,2,0
v1,lamp,60,299,5,3,2,0
v1,lamp,60,300,4,3,2,0
v1,lamp,60,301,5,3,2,0
v1,lamp,60,302,4,3,2,0
v1,lamp,60,303,5,3,2,0
v1,lamp,60,304,5,3,2,0
v1,lamp,60,305,4,3,2,0
v1,lamp,60,306,4,3,2,0
v1,lamp,60,307,4,3,2,0
v1,lamp,60,308,4,3,2,0
v1,lamp,60,309,4,2,1,0
v1,lamp,60,310,4,3,2,0
v1,lamp,60,311,4,3,2,0
v1,lamp,60,312,4,3,2,0
v1,lamp,60,313,4,3,2,0
v1,lamp,60,314,4,2,1,0
v1,lamp,60,315,4,3,2,0
v1,lamp,60,316,4,2,1,0
v1,lamp,60,317,4,2,1,0
v1,lamp,60,318,4,3,2,0
v1,lamp,60,319,4,2,1,0
v1,lamp,60,320,4,2,2,0
v1,lamp,60,321,4,3,2,0
v1,lamp,60,322,4,3,2,0
v1,lamp,60,323,4,2,2,0
v1,lamp,60,324,3,2,1,0
v1,lamp,60,325,4,3,2,0
v1,lamp,60,326,3,2,1,0
v1,lamp,60,327,4,2,2,0
v1,lamp,60,328,4,2,2,0
v1,lamp,60,329,4,2,2,0
v1,lamp,60,330,3,2,1,0
v1,lamp,60,331,3,2,1,0
v1,lamp,60,332,3,2,2,0
v1,lamp,60,333,3,2,1,0
v1,lamp,60,334,4,3,2,0
v1,lamp,60,335,3,2,1,0
v1,lamp,60,336,3,2,1,0
v1,lamp,60,337,3,2,1,0
v1,lamp,60,338,3,2,1,0
v1,lamp,60,339,3,2,1,0
v1,lamp,60,340,3,2,1,0
v1,lamp,60,341,3,2,1,0
v1,lamp,60,342,3,2,1,0
v1,lamp,60,343,3,1,1,0
v1,lamp,60,344,3,2,1,0
v1,lamp,60,345,3,2,1,0
v1,lamp,60,346,3,2,1,0
v1,lamp,60,347,3,2,1,0
v1,lamp,60,348,2,1,1,0
v1,lamp,60,349,3,2,1,0
v1,lamp,60,350,2,1,1,0
v1,lamp,60,351,3,2,1,0
v1,lamp,60,352,3,2,1,0
v1,lamp,60,353,2,1,1,0
v1,lamp,60,354,3,2,1,0
v1,lamp,60,355,3,2,1,0
v1,lamp,60,356,2,1,1,0
v1,lamp,60,357,3,2,1,0
v1,lamp,60,358,3,2,1,0
v1,lamp,60,359,3,2,1,0
v1,lamp,60,360,2,2,1,0
v1,lamp,60,361,2,1,1,0
v1,lamp,60,362,2,1,1,0
v1,lamp,60,363,2,1,1,0
v1,lamp,60,364,2,1,1,0
v1,lamp,60,365,2,2,1,0
v1,lamp,60,366,2,1,1,0
v1,lamp,60,367,2,1,0,0
v1,lamp,60,368,3,2,1,0
v1,lamp,60,369,3,2,1,0
v1,lamp,60,370,2,1,1,0
v1,lamp,60,371,2,2,1,0
v1,lamp,60,372,2,1,1,0
v1,lamp,60,373,2,1,0,0
v1,lamp,60,374,2,1,1,0
v1,lamp,60,375,2,1,0,0
v1,lamp,60,376,2,2,1,0
v1,lamp,60,377,2,1,0,0
v1,lamp,60,378,2,1,1,0
v1,lamp,60,379,2,1,1,0
v1,lamp,60,380,2,1,1,0
v1,lamp,60,381,2,2,1,0
v1,lamp,60,382,1,1,0,0
v1,lamp,60,383,2,1,1,0
v1,lamp,60,384,2,1,0,0
v1,lamp,60,385,2,1,1,0
v1,lamp,60,386,2,1,1,0
v1,lamp,60,387,2,1,1,0
v1,lamp,60,388,2,1,1,0
v1,lamp,60,389,2,1,1,0
v1,lamp,60,390,2,1,1,0
v1,lamp,60,391,2,1,1,0
v1,lamp,60,392,1,1,0,0
v1,lamp,60,393,2,1,1,0
v1,lamp,60,394,2,1,1,0
v1,lamp,60,395,1,1,0,0
v1,lamp,60,396,2,1,1,0
v1,lamp,60,397,1,1,0,0
v1,lamp,60,398,1,1,0,0
v1,lamp,60,399,2,1,1,0
v1,lamp,60,400,2,1,0,0
v1,lamp,60,401,2,1,1,0
v1,lamp,60,402,2,1,1,0
v1,lamp,60,403,1,1,0,0
v1,lamp,60,404,2,1,1,0
v1,lamp,60,405,2,1,1,0
v1,lamp,60,406,1,0,0,0
v1,lamp,60,407,2,1,1,0
v1,lamp,60,408,1,1,0,0
v1,lamp,60,409,1,1,0,0
v1,lamp,60,410,2,1,1,0
v1,lamp,60,411,1,1,0,0
v1,lamp,60,412,2,1,1,0
v1,lamp,60,413,2,1,1,0
v1,lamp,60,414,1,0,0,0
v1,lamp,60,415,1,0,0,0
v1,lamp,60,416,1,1,1,0
v1,lamp,60,417,1,0,0,0
v1,lamp,60,418,2,1,1,0
v1,lamp,60,419,1,1,0,0
v1,lamp,60,420,2,1,1,0
v1,lamp,60,421,2,1,1,0
v1,lamp,60,422,1,1,1,0
v1,lamp,60,423,1,1,0,0
v1,lamp,60,424,1,0,0,0
v1,lamp,60,425,1,0,0,0
v1,lamp,60,426,1,1,0,0
v1,lamp,60,427,1,1,1,0
v1,lamp,60,428,1,1,1,0
v1,lamp,60,429,1,1,0,0
v1,lamp,60,430,2,1,1,0
v1,lamp,60,431,1,0,0,0
v1,lamp,60,432,1,0,0,0
v1,lamp,60,433,1,1,0,0
v1,lamp,60,434,1,0,0,0
v1,lamp,60,435,1,1,0,0
v1,lamp,60,436,1,1,0,0
v1,lamp,60,437,1,0,0,0
v1,lamp,60,438,1,1,1,0
v1,lamp,60,439,1,1,0,0
v1,lamp,60,440,1,0,0,0
v1,lamp,60,441,1,1,0,0
v1,lamp,60,442,1,0,0,0
v1,lamp,60,443,1,1,1,0
v1,lamp,60,444,1,1,1,0
v1,lamp,60,445,1,1,1,0
v1,lamp,60,446,1,0,0,0
v1,lamp,60,447,1,1,1,0
v1,lamp,60,448,1,0,0,0
v1,lamp,60,449,1,1,1,0
v1,lamp,60,450,1,0,0,0
v1,lamp,60,451,1,1,1,0
v1,lamp,60,452,1,1,1,0
v1,lamp,60,453,1,0,0,0
v1,lamp,60,454,1,0,0,0
v1,lamp,60,455,1,1,1,0
v1,lamp,60,456,1,1,1,0
v1,lamp,60,457,1,1,0,0
v1,lamp,60,458,1,0,0,0
v1,lamp,60,459,1,1,1,0
v1,lamp,60,460,1,0,0,0
v1,lamp,60,461,0,0,0,0
v1,lamp,60,462,1,0,0,0
v1,lamp,60,463,0,0,0,0
v1,lamp,60,464,0,0,0,0
v1,lamp,60,465,1,0,0,0
v1,lamp,60,466,1,0,0,0
v1,lamp,60,467,1,1,0,0
v1,lamp,60,468,1,1,0,0
v1,lamp,60,469,1,1,0,0
v1,lamp,60,470,1,0,0,0
v1,lamp,60,471,0,0,0,0
v1,lamp,60,472,1,0,0,0
v1,lamp,60,473,1,1,0,0
v1,lamp,60,474,1,0,0,0
v1,lamp,60,475,1,0,0,0
v1,lamp,60,476,0,0,0,0
v1,lamp,60,477,1,0,0,0
v1,lamp,60,478,1,0,0,0
v1,lamp,60,479,0,0,0,0
v1,lamp,60,480,0,0,0,0
v1,lamp,60,481,1,1,0,0
v1,lamp,60,482,0,0,0,0
v1,lamp,60,483,1,0,0,0
v1,lamp,60,484,0,0,0,0
v1,lamp,60,485,0,0,0,0
v1,lamp,60,486,0,0,0,0
v1,lamp,60,487,1,0,0,0
v1,lamp,60,488,1,1,1,0
v1,lamp,60,489,1,1,0,0
v1,lamp,60,490,0,0,0,0
v1,lamp,60,491,1,1,1,0
v1,lamp,60,492,0,0,0,0
v1,lamp,60,493,1,0,0,0
v1,lamp,60,494,1,0,0,0
v1,lamp,60,495,1,1,1,0
v1,lamp,60,496,1,1,0,0
v1,lamp,60,497,1,0,0,0
v1,lamp,60,498,0,0,0,0
v1,lamp,60,499,1,1,0,0
v1,lamp,60,500,0,0,0,0
v1,lamp,60,501,0,0,0,0
v1,lamp,60,502,1,1,1,0
v1,lamp,60,503,0,0,0,0
v1,lamp,60,504,0,0,0,0
v1,lamp,60,505,1,1,1,0
v1,lamp,60,506,0,0,0,0
v1,lamp,60,507,1,0,0,0
v1,lamp,60,508,0,0,0,0
v1,lamp,60,509,0,0,0,0
v1,lamp,60,510,0,0,0,0
v1,lamp,60,511,0,0,0,0
v1,lamp,60,512,0,0,0,0
v1,lamp,60,513,0,0,0,0
v1,lamp,60,514,0,0,0,0
v1,lamp,60,515,0,0,0,0
v1,lamp,60,516,0,0,0,0
v1,lamp,60,517,0,0,0,0
v1,lamp,60,518,0,0,0,0
v1,lamp,60,519,0,0,0,0
v1,lamp,60,520,0,0,0,0
v1,lamp,60,521,0,0,0,0
v1,lamp,60,522,0,0,0,0
v1,lamp,60,523,0,0,0,0
v1,lamp,60,524,0,0,0,0
v1,lamp,60,525,0,0,0,0
v1,lamp,60,526,0,0,0,0
v1,lamp,60,527,0,0,0,0
v1,lamp,60,528,0,0,0,0
v1,lamp,60,529,0,0,0,0
v1,lamp,60,530,0,0,0,0
v1,lamp,60,531,0,0,0,0
v1,lamp,60,532,0,0,0,0
v1,lamp,60,533,0,0,0,0
v1,lamp,60,534,0,0,0,0
v1,lamp,60,535,0,0,0,0
v1,lamp,60,536,0,0,0,0
v1,lamp,60,537,0,0,0,0
v1,lamp,60,538,0,0,0,0
v1,lamp,60,539,0,0,0,0
v1,lamp,60,540,0,0,0,0
v1,lamp,60,541,0,0,0,0
v1,lamp,60,542,0,0,0,0
v1,lamp,60,543,0,0,0,0
v1,lamp,60,544,0,0,0,0
v1,lamp,60,545,0,0,0,0
v1,lamp,60,546,0,0,0,0
v1,lamp,60,547,0,0,0,0
v1,lamp,60,548,0,0,0,0
v1,lamp,60,549,0,0,0,0
v1,lamp,60,550,0,0,0,0
v1,lamp,60,551,0,0,0,0
v1,lamp,60,552,0,0,0,0
v1,lamp,60,553,0,0,0,0
v1,lamp,60,554,0,0,0,0
v1,lamp,60,555,0,0,0,0
v1,lamp,60,556,0,0,0,0
v1,lamp,60,557,0,0,0,0
v1,lamp,60,558,0,0,0,0
v1,lamp,60,559,0,0,0,0
v1,lamp,60,560,0,0,0,0
v1,lamp,60,561,0,0,0,0
v1,lamp,60,562,0,0,0,0
v1,lamp,60,563,0,0,0,0
v1,lamp,60,564,0,0,0,0
v1,lamp,60,565,0,0,0,0
v1,lamp,60,566,0,0,0,0
v1,lamp,60,567,0,0,0,0
v1,lamp,60,568,0,0,0,0
v1,lamp,60,569,0,0,0,0
v1,lamp,60,570,0,0,0,0
v1,lamp,60,571,0,0,0,0
v1,lamp,60,572,0,0,0,0
v1,lamp,60,573,0,0,0,0
v1,lamp,60,574,0,0,0,0
v1,lamp,60,575,0,0,0,0
v1,lamp,60,576,0,0,0,0
v1,lamp,60,577,0,0,0,0
v1,lamp,60,578,0,0,0,0
v1,lamp,60,579,0,0,0,0
v1,lamp,60,580,0,0,0,0
v1,lamp,60,581,0,0,0,0
v1,lamp,60,582,0,0,0,0
v1,lamp,60,583,0,0,0,0
v1,lamp,60,584,0,0,0,0
v1,lamp,60,585,0,0,0,0
v1,lamp,60,586,0,0,0,0
v1,lamp,60,587,0,0,0,0
v1,lamp,60,588,0,0,0,0
v1,lamp,60,589,0,0,0,0
v1,lamp,60,590,0,0,0,0
v1,lamp,60,591,0,0,0,0
v1,lamp,60,592,0,0,0,0
v1,lamp,60,593,0,0,0,0
v1,lamp,60,594,0,0,0,0
v1,lamp,60,595,0,0,0,0
v1,lamp,60,596,0,0,0,0
v1,lamp,60,597,0,0,0,0
v1,lamp,60,598,0,0,0,0
v1,lamp,60,599,0,0,0,0
v1,lamp,60,600,0,0,0,0
v1,lamp,60,601,0,0,0,0
v1,lamp,60,602,0,0,0,0
v1,lamp,60,603,0,0,0,0
v1,lamp,60,604,0,0,0,0
v1,lamp,60,605,0,0,0,0
v1,lamp,60,606,0,0,0,0
v1,lamp,60,607,0,0,0,0
v1,lamp,60,608,0,0,0,0
v1,lamp,60,609,0,0,0,0
v1,lamp,60,610,0,0,0,0
v1,lamp,60,611,0,0,0,0
v1,lamp,60,612,0,0,0,0
v1,lamp,60,613,0,0,0,0
v1,lamp,60,614,0,0,0,0
v1,lamp,60,615,0,0,0,0
v1,lamp,60,616,0,0,0,0
v1,lamp,60,617,0,0,0,0
v1,lamp,60,618,0,0,0,0
v1,lamp,60,619,0,0,0,0
v1,lamp,60,620,0,0,0,0
v1,lamp,60,621,0,0,0,0
v1,lamp,60,622,0,0,0,0
v1,lamp,60,623,0,0,0,0
v1,lamp,60,624,0,0,0,0
v1,lamp,60,625,0,0,0,0
v1,lamp,60,626,0,0,0,0
v1,lamp,60,627,0,0,0,0
v1,lamp,60,628,0,0,0,0
v1,lamp,60,629,0,0,0,0
v1,lamp,60,630,0,0,0,0
v1,lamp,60,631,0,0,0,0
v1,lamp,60,632,0,0,0,0
v1,lamp,60,633,0,0,0,0
v1,lamp,60,634,0,0,0,0
v1,lamp,60,635,0,0,0,0
v1,lamp,60,636,0,0,0,0
v1,lamp,60,637,0,0,0,0
v1,lamp,60,638,0,0,0,0
v1,lamp,60,639,0,0,0,0
v1,lamp,60,640,0,0,0,0
v1,lamp,60,641,0,0,0,0
v1,lamp,60,642,0,0,0,0
v1,lamp,60,643,0,0,0,0
v1,lamp,60,644,0,0,0,0
v1,lamp,60,645,0,0,0,0
v1,lamp,60,646,0,0,0,0
v1,lamp,60,647,0,0,0,0
v1,lamp,60,648,0,0,0,0
v1,lamp,60,649,0,0,0,0
v1,lamp,60,650,0,0,0,0
v1,lamp,60,651,0,0,0,0
v1,lamp,60,652,0,0,0,0
v1,lamp,60,653,0,0,0,0
v1,lamp,60,654,0,0,0,0
v1,lamp,60,655,0,0,0,0
v1,lamp,60,656,0,0,0,0
v1,lamp,60,657,0,0,0,0
v1,lamp,60,658,0,0,0,0
v1,lamp,60,659,0,0,0,0
v1,lamp,60,660,0,0,0,0
v1,lamp,60,661,0,0,0,0
v1,lamp,60,662,0,0,0,0
v1,lamp,60,663,0,0,0,0
v1,lamp,60,664,0,0,0,0
v1,lamp,60,665,0,0,0,0
v1,lamp,60,666,0,0,0,0
v1,lamp,60,667,0,0,0,0
v1,lamp,60,668,0,0,0,0
v1,lamp,60,669,0,0,0,0
v1,lamp,60,670,0,0,0,0
v1,lamp,60,671,0,0,0,0
v1,lamp,60,672,0,0,0,0
v1,lamp,60,673,0,0,0,0
v1,lamp,60,674,0,0,0,0
v1,lamp,60,675,0,0,0,0
v1,lamp,60,676,0,0,0,0
v1,lamp,60,677,0,0,0,0
v1,lamp,60,678,0,0,0,0
v1,lamp,60,679,0,0,0,0
v1,lamp,60,680,0,0,0,0
v1,lamp,60,681,0,0,0,0
v1,lamp,60,682,0,0,0,0
v1,lamp,60,683,0,0,0,0
v1,lamp,60,684,0,0,0,0
v1,lamp,60,685,0,0,0,0
v1,lamp,60,686,0,0,0,0
v1,lamp,60,687,0,0,0,0
v1,lamp,60,688,0,0,0,0
v1,lamp,60,689,0,0,0,0
v1,lamp,60,690,0,0,0,0
v1,lamp,60,691,0,0,0,0
v1,lamp,60,692,0,0,0,0
v1,lamp,60,693,0,0,0,0
v1,lamp,60,694,0,0,0,0
v1,lamp,60,695,0,0,0,0
v1,lamp,60,696,0,0,0,0
v1,lamp,60,697,0,0,0,0
v1,lamp,60,698,0,0,0,0
v1,lamp,60,699,0,0,0,0
v1,lamp,90,0,255,255,255,15
v1,lamp,90,1,255,255,255,12
v1,lamp,90,2,255,255,255,8
v1,lamp,90,3,254,254,253,6
v1,lamp,90,4,252,252,251,4
v1,lamp,90,5,251,250,249,4
v1,lamp,90,6,250,249,248,2
v1,lamp,90,7,248,246,245,1
v1,lamp,90,8,247,245,243,0
v1,lamp,90,9,244,242,240,0
v1,lamp,90,10,242,239,236,0
v1,lamp,90,11,240,237,233,0
v1,lamp,90,12,238,234,229,0
v1,lamp,90,13,235,230,225,0
v1,lamp,90,14,232,227,221,0
v1,lamp,90,15,229,223,217,0
v1,lamp,90,16,226,220,213,0
v1,lamp,90,17,223,216,209,0
v1,lamp,90,18,220,212,204,0
v1,lamp,90,19,217,209,200,0
v1,lamp,90,20,214,205,196,0
v1,lamp,90,21,210,201,192,0
v1,lamp,90,22,207,198,188,0
v1,lamp,90,23,204,194,184,0
v1,lamp,90,24,200,190,179,0
v1,lamp,90,25,196,186,175,0
v1,lamp,90,26,193,182,171,0
v1,lamp,90,27,190,179,168,0
v1,lamp,90,28,186,175,164,0
v1,lamp,90,29,183,172,161,0
v1,lamp,90,30,180,168,157,0
v1,lamp,90,31,177,165,154,0
v1,lamp,90,32,174,162,150,0
v1,lamp,90,33,170,158,147,0
v1,lamp,90,34,167,155,144,0
v1,lamp,90,35,165,152,141,0
v1,lamp,90,36,162,150,138,0
v1,lamp,90,37,159,147,135,0
v1,lamp,90,38,156,143,132,0
v1,lamp,90,39,153,141,130,0
v1,lamp,90,40,151,139,128,0
v1,lamp,90,41,148,136,125,0
v1,lamp,90,42,146,134,123,0
v1,lamp,90,43,143,132,121,0
v1,lamp,90,44,140,129,118,0
v1,lamp,90,45,138,126,116,0
v1,lamp,90,46,136,124,113,0
v1,lamp,90,47,134,123,112,0
v1,lamp,90,48,132,121,110,0
v1,lamp,90,49,129,118,108,0
v1,lamp,90,50,128,117,107,0
v1,lamp,90,51,126,115,105,0
v1,lamp,90,52,124,113,103,0
v1,lamp,90,53,122,111,101,0
v1,lamp,90,54,120,109,99,0
v1,lamp,90,55,119,108,98,0
v1,lamp,90,56,117,107,97,0
v1,lamp,90,57,115,104,95,0
v1,lamp,90,58,114,103,94,0
v1,lamp,90,59,112,101,92,0
v1,lamp,90,60,111,101,91,0
v1,lamp,90,61,109,98,89,0
v1,lamp,90,62,108,97,88,0
v1,lamp,90,63,106,96,87,0
v1,lamp,90,64,104,94,85,0
v1,lamp,90,65,104,94,85,0
v1,lamp,90,66,101,92,83,0
v1,lamp,90,67,100,91,82,0
v1,lamp,90,68,99,89,80,0
v1,lamp,90,69,98,88,80,0
v1,lamp,90,70,97,88,79,0
v1,lamp,90,71,96,86,77,0
v1,lamp,90,72,94,85,76,0
v1,lamp,90,73,94,84,76,0
v1,lamp,90,74,92,83,74,0
v1,lamp,90,75,91,82,73,0
v1,lamp,90,76,90,81,72,0
v1,lamp,90,77,89,80,71,0
v1,lamp,90,78,88,79,70,0
v1,lamp,90,79,87,78,70,0
v1,lamp,90,80,86,76,68,0
v1,lamp,90,81,85,76,67,0
v1,lamp,90,82,83,74,66,0
v1,lamp,90,83,83,74,66,0
v1,lamp,90,84,82,73,65,0
v1,lamp,90,85,81,72,64,0
v1,lamp,90,86,80,72,63,0
v1,lamp,90,87,80,71,62,0
v1,lamp,90,88,79,70,61,0
v1,lamp,90,89,77,69,60,0
v1,lamp,90,90,77,68,60,0
v1,lamp,90,91,75,67,59,0
v1,lamp,90,92,75,66,58,0
v1,lamp,90,93,74,65,57,0
v1,lamp,90,94,73,65,57,0
v1,lamp,90,95,72,63,55,0
v1,lamp,90,96,72,63,55,0
v1,lamp,90,97,71,62,54,0
v1,lamp,90,98,70,61,53,0
v1,lamp,90,99,69,61,53,0
v1,lamp,90,100,69,61,53,0
v1,lamp,90,101,68,59,51,0
v1,lamp,90,102,67,58,51,0
v1,lamp,90,103,66,58,50,0
v1,lamp,90,104,65,57,49,0
v1,lamp,90,105,65,57,49,0
v1,lamp,90,106,64,56,48,0
v1,lamp,90,107,64,55,48,0
v1,lamp,90,108,63,55,47,0
v1,lamp,90,109,62,54,46,0
v1,lamp,90,110,61,53,45,0
v1,lamp,90,111,61,53,45,0
v1,lamp,90,112,61,52,45,0
v1,lamp,90,113,60,52,44,0
v1,lamp,90,114,59,51,43,0
v1,lamp,90,115,58,50,42,0
v1,lamp,90,116,58,50,42,0
v1,lamp,90,117,57,49,41,0
v1,lamp,90,118,57,49,41,0
v1,lamp,90,119,56,48,40,0
v1,lamp,90,120,55,47,39,0
v1,lamp,90,121,55,47,39,0
v1,lamp,90,122,54,46,38,0
v1,lamp,90,123,54,46,39,0
v1,lamp,90,124,53,45,37,0
v1,lamp,90,125,53,45,37,0
v1,lamp,90,126,52,44,37,0
v1,lamp,90,127,51,43,36,0
v1,lamp,90,128,51,43,36,0
v1,lamp,90,129,51,43,36,0
v1,lamp,90,130,50,42,35,0
v1,lamp,90,131,49,41,34,0
v1,lamp,90,132,48,40,34,0
v1,lamp,90,133,48,40,33,0
v1,lamp,90,134,47,40,33,0
v1,lamp,90,135,47,39,33,0
v1,lamp,90,136,47,39,32,0
v1,lamp,90,137,46,39,32,0
v1,lamp,90,138,45,38,31,0
v1,lamp,90,139,45,37,31,0
v1,lamp,90,140,45,37,30,0
v1,lamp,90,141,44,36,30,0
v1,lamp,90,142,44,36,30,0
v1,lamp,90,143,43,35,29,0
v1,lamp,90,144,43,36,29,0
v1,lamp,90,145,43,35,29,0
v1,lamp,90,146,42,35,28,0
v1,lamp,90,147,42,34,28,0
v1,lamp,90,148,41,34,27,0
v1,lamp,90,149,40,33,27,0
v1,lamp,90,150,40,33,26,0
v1,lamp,90,151,39,32,26,0
v1,lamp,90,152,39,32,26,0
v1,lamp,90,153,39,32,26,0
v1,lamp,90,154,39,32,26,0
v1,lamp,90,155,38,31,25,0
v1,lamp,90,156,37,30,24,0
v1,lamp,90,157,37,30,24,0
v1,lamp,90,158,37,30,24,0
v1,lamp,90,159,36,29,23,0
v1,lamp,90,160,36,29,23,0
v1,lamp,90,161,36,29,23,0
v1,lamp,90,162,36,29,23,0
v1,lamp,90,163,34,28,22,0
v1,lamp,90,164,34,28,22,0
v1,lamp,90,165,35,28,22,0
v1,lamp,90,166,33,27,21,0
v1,lamp,90,167,34,27,21,0
v1,lamp,90,168,33,26,20,0
v1,lamp,90,169,33,26,20,0
v1,lamp,90,170,32,26,20,0
v1,lamp,90,171,32,26,20,0
v1,lamp,90,172,32,25,20,0
v1,lamp,90,173,32,25,20,0
v1,lamp,90,174,31,25,19,0
v1,lamp,90,175,30,24,19,0
v1,lamp,90,176,31,25,19,0
v1,lamp,90,177,30,24,18,0
v1,lamp,90,178,30,24,18,0
v1,lamp,90,179,29,23,18,0
v1,lamp,90,180,29,23,17,0
v1,lamp,90,181,29,23,18,0
v1,lamp,90,182,29,23,18,0
v1,lamp,90,183,28,22,17,0
v1,lamp,90,184,28,22,17,0
v1,lamp,90,185,28,22,17,0
v1,lamp,90,186,27,21,16,0
v1,lamp,90,187,27,21,16,0
v1,lamp,90,188,26,21,16,0
v1,lamp,90,189,27,21,16,0
v1,lamp,90,190,26,20,16,0
v1,lamp,90,191,25,20,15,0
v1,lamp,90,192,25,20,15,0
v1,lamp,90,193,25,20,15,0
v1,lamp,90,194,25,20,15,0
v1,lamp,90,195,24,19,14,0
v1,lamp,90,196,24,19,14,0
v1,lamp,90,197,24,18,14,0
v1,lamp,90,198,24,18,14,0
v1,lamp,90,199,24,18,14,0
v1,lamp,90,200,23,18,13,0
v1,lamp,90,201,23,18,14,0
v1,lamp,90,202,23,18,13,0
v1,lamp,90,203,22,17,13,0
v1,lamp,90,204,23,18,13,0
v1,lamp,90,205,22,17,13,0
v1,lamp,90,206,22,17,13,0
v1,lamp,90,207,22,17,13,0
v1,lamp,90,208,21,16,12,0
v1,lamp,90,209,21,16,12,0
v1,lamp,90,210,21,16,12,0
v1,lamp,90,211,20,15,11,0
v1,lamp,90,212,21,16,12,0
v1,lamp,90,213,20,15,11,0
v1,lamp,90,214,20,15,11,0
v1,lamp,90,215,20,15,11,0
v1,lamp,90,216,20,15,11,0
v1,lamp,90,217,19,14,10,0
v1,lamp,90,218,19,15,11,0
v1,lamp,90,219,19,14,10,0
v1,lamp,90,220,19,14,10,0
v1,lamp,90,221,18,14,10,0
v1,lamp,90,222,18,14,10,0
v1,lamp,90,223,18,14,10,0
v1,lamp,90,224,18,13,10,0
v1,lamp,90,225,17,13,9,0
v1,lamp,90,226,18,13,10,0
v1,lamp,90,227,17,13,9,0
v1,lamp,90,228,18,13,10,0
v1,lamp,90,229,17,12,9,0
v1,lamp,90,230,17,12,9,0
v1,lamp,90,231,17,13,9,0
v1,lamp,90,232,16,12,8,0
v1,lamp,90,233,17,12,9,0
v1,lamp,90,234,16,12,9,0
v1,lamp,90,235,16,12,9,0
v1,lamp,90,236,16,12,8,0
v1,lamp,90,237,16,12,9,0
v1,lamp,90,238,15,11,8,0
v1,lamp,90,239,15,11,8,0
v1,lamp,90,240,15,11,8,0
v1,lamp,90,241,15,11,8,0
v1,lamp,90,242,15,11,7,0
v1,lamp,90,243,14,10,7,0
v1,lamp,90,244,15,11,8,0
v1,lamp,90,245,15,11,7,0
v1,lamp,90,246,15,11,8,0
v1,lamp,90,247,14,10,7,0
v1,lamp,90,248,14,10,7,0
v1,lamp,90,249,14,10,7,0
v1,lamp,90,250,13,10,7,0
v1,lamp,90,251,14,10,7,0
v1,lamp,90,252,13,9,6,0
v1,lamp,90,253,13,9,6,0
v1,lamp,90,254,13,10,7,0
v1,lamp,90,255,13,9,7,0
v1,lamp,90,256,13,9,7,0
v1,lamp,90,257,13,9,7,0
v1,lamp,90,258,13,9,6,0
v1,lamp,90,259,12,9,6,0
v1,lamp,90,260,12,9,6,0
v1,lamp,90,261,12,8,6,0
v1,lamp,90,262,12,9,6,0
v1,lamp,90,263,11,8,5,0
v1,lamp,90,264,12,8,6,0
v1,lamp,90,265,12,9,6,0
v1,lamp,90,266,11,8,5,0
v1,lamp,90,267,11,8,5,0
v1,lamp,90,268,12,8,6,0
v1,lamp,90,269,12,8,6,0
v1,lamp,90,270,11,8,5,0
v1,lamp,90,271,11,8,6,0
v1,lamp,90,272,10,7,5,0
v1,lamp,90,273,10,7,5,0
v1,lamp,90,274,10,7,5,0
v1,lamp,90,275,10,7,5,0
v1,lamp,90,276,11,8,5,0
v1,lamp,90,277,11,7,5,0
v1,lamp,90,278,10,7,4,0
v1,lamp,90,279,10,7,5,0
v1,lamp,90,280,10,7,5,0
v1,lamp,90,281,10,7,4,0
v1,lamp,90,282,9,6,4,0
v1,lamp,90,283,9,6,4,0
v1,lamp,90,284,10,7,4,0
v1,lamp,90,285,9,6,4,0
v1,lamp,90,286,9,6,4,0
v1,lamp,90,287,10,7,5,0
v1,lamp,90,288,9,6,4,0
v1,lamp,90,289,9,6,4,0
v1,lamp,90,290,9,6,4,0
v1,lamp,90,291,9,6,4,0
v1,lamp,90,292,9,6,4,0
v1,lamp,90,293,9,6,4,0
v1,lamp,90,294,9,6,4,0
v1,lamp,90,295,9,6,4,0
v1,lamp,90,296,8,6,4,0
v1,lamp,90,297,8,6,4,0
v1,lamp,90,298,8,6,4,0
v1,lamp,90,299,8,6,4,0
v1,lamp,90,300,8,5,3,0
v1,lamp,90,301,8,5,4,0
v1,lamp,90,302,8,5,3,0
v1,lamp,90,303,8,6,4,0
v1,lamp,90,304,8,5,4,0
v1,lamp,90,305,7,5,3,0
v1,lamp,90,306,7,5,3,0
v1,lamp,90,307,7,5,3,0
v1,lamp,90,308,7,5,3,0
v1,lamp,90,309,7,4,3,0
v1,lamp,90,310,7,5,3,0
v1,lamp,90,311,7,5,3,0
v1,lamp,90,312,7,5,3,0
v1,lamp,90,313,7,4,3,0
v1,lamp,90,314,7,4,3,0
v1,lamp,90,315,7,5,3,0
v1,lamp,90,316,6,4,2,0
v1,lamp,90,317,6,4,2,0
v1,lamp,90,318,7,5,3,0
v1,lamp,90,319,6,4,2,0
v1,lamp,90,320,6,4,3,0
v1,lamp,90,321,7,5,3,0
v1,lamp,90,322,7,5,3,0
v1,lamp,90,323,6,4,3,0
v1,lamp,90,324,6,4,2,0
v1,lamp,90,325,6,4,3,0
v1,lamp,90,326,6,4,2,0
v1,lamp,90,327,6,4,3,0
v1,lamp,90,328,6,4,2,0
v1,lamp,90,329,6,4,3,0
v1,lamp,90,330,5,3,2,0
v1,lamp,90,331,6,4,2,0
v1,lamp,90,332,6,4,2,0
v1,lamp,90,333,5,3,2,0
v1,lamp,90,334,6,4,3,0
v1,lamp,90,335,5,3,2,0
v1,lamp,90,336,5,3,2,0
v1,lamp,90,337,5,3,2,0
v1,lamp,90,338,5,3,2,0
v1,lamp,90,339,5,3,2,0
v1,lamp,90,340,5,3,2,0
v1,lamp,90,341,5,3,2,0
v1,lamp,90,342,5,3,2,0
v1,lamp,90,343,5,3,2,0
v1,lamp,90,344,5,3,2,0
v1,lamp,90,345,5,3,2,0
v1,lamp,90,346,5,3,2,0
v1,lamp,90,347,5,3,2,0
v1,lamp,90,348,4,3,1,0
v1,lamp,90,349,5,3,2,0
v1,lamp,90,350,4,3,1,0
v1,lamp,90,351,5,3,2,0
v1,lamp,90,352,4,3,2,0
v1,lamp,90,353,4,3,1,0
v1,lamp,90,354,5,3,2,0
v1,lamp,90,355,5,3,2,0
v1,lamp,90,356,4,2,1,0
v1,lamp,90,357,5,3,2,0
v1,lamp,90,358,4,3,2,0
v1,lamp,90,359,4,3,2,0
v1,lamp,90,360,4,3,2,0
v1,lamp,90,361,4,3,1,0
v1,lamp,90,362,4,2,1,0
v1,lamp,90,363,4,2,1,0
v1,lamp,90,364,4,2,1,0
v1,lamp,90,365,4,3,2,0
v1,lamp,90,366,4,2,1,0
v1,lamp,90,367,4,2,1,0
v1,lamp,90,368,4,3,2,0
v1,lamp,90,369,4,3,2,0
v1,lamp,90,370,4,2,1,0
v1,lamp,90,371,4,3,2,0
v1,lamp,90,372,4,2,1,0
v1,lamp,90,373,3,2,1,0
v1,lamp,90,374,4,2,1,0
v1,lamp,90,375,3,2,1,0
v1,lamp,90,376,4,2,2,0
v1,lamp,90,377,3,2,1,0
v1,lamp,90,378,3,2,1,0
v1,lamp,90,379,4,2,1,0
v1,lamp,90,380,3,2,1,0
v1,lamp,90,381,4,2,2,0
v1,lamp,90,382,3,2,1,0
v1,lamp,90,383,3,2,1,0
v1,lamp,90,384,3,2,1,0
v1,lamp,90,385,3,2,1,0
v1,lamp,90,386,3,2,1,0
v1,lamp,90,387,3,2,1,0
v1,lamp,90,388,3,2,1,0
v1,lamp,90,389,3,2,1,0
v1,lamp,90,390,3,2,1,0
v1,lamp,90,391,3,2,1,0
v1,lamp,90,392,2,1,1,0
v1,lamp,90,393,3,2,1,0
v1,lamp,90,394,3,2,1,0
v1,lamp,90,395,2,1,1,0
v1,lamp,90,396,3,2,1,0
v1,lamp,90,397,3,1,1,0
v1,lamp,90,398,3,1,1,0
v1,lamp,90,399,3,2,1,0
v1,lamp,90,400,3,2,1,0
v1,lamp,90,401,3,2,1,0
v1,lamp,90,402,3,2,1,0
v1,lamp,90,403,2,1,1,0
v1,lamp,90,404,3,2,1,0
v1,lamp,90,405,3,2,1,0
v1,lamp,90,406,2,1,0,0
v1,lamp,90,407,3,2,1,0
v1,lamp,90,408,2,1,1,0
v1,lamp,90,409,2,1,1,0
v1,lamp,90,410,3,2,1,0
v1,lamp,90,411,2,1,1,0
v1,lamp,90,412,3,2,1,0
v1,lamp,90,413,3,2,1,0
v1,lamp,90,414,2,1,0,0
v1,lamp,90,415,2,1,0,0
v1,lamp,90,416,2,1,1,0
v1,lamp,90,417,2,1,0,0
v1,lamp,90,418,3,2,1,0
v1,lamp,90,419,2,1,1,0
v1,lamp,90,420,2,2,1,0
v1,lamp,90,421,3,2,1,0
v1,lamp,90,422,2,1,1,0
v1,lamp,90,423,2,1,1,0
v1,lamp,90,424,2,1,0,0
v1,lamp,90,425,2,1,0,0
v1,lamp,90,426,2,1,1,0
v1,lamp,90,427,2,1,1,0
v1,lamp,90,428,2,1,1,0
v1,lamp,90,429,2,1,1,0
v1,lamp,90,430,2,2,1,0
v1,lamp,90,431,2,1,0,0
v1,lamp,90,432,2,1,0,0
v1,lamp,90,433,2,1,1,0
v1,lamp,90,434,1,1,0,0
v1,lamp,90,435,2,1,1,0
v1,lamp,90,436,2,1,0,0
v1,lamp,90,437,2,1,0,0
v1,lamp,90,438,2,1,1,0
v1,lamp,90,439,2,1,1,0
v1,lamp,90,440,1,1,0,0
v1,lamp,90,441,2,1,1,0
v1,lamp,90,442,1,1,0,0
v1,lamp,90,443,2,1,1,0
v1,lamp,90,444,2,1,1,0
v1,lamp,90,445,2,1,1,0
v1,lamp,90,446,1,1,0,0
v1,lamp,90,447,2,1,1,0
v1,lamp,90,448,1,1,0,0
v1,lamp,90,449,2,1,1,0
v1,lamp,90,450,1,1,0,0
v1,lamp,90,451,2,1,1,0
v1,lamp,90,452,2,1,1,0
v1,lamp,90,453,1,1,0,0
v1,lamp,90,454,1,1,0,0
v1,lamp,90,455,2,1,1,0
v1,lamp,90,456,2,1,1,0
v1,lamp,90,457,2,1,1,0
v1,lamp,90,458,1,0,0,0
v1,lamp,90,459,2,1,1,0
v1,lamp,90,460,1,1,0,0
v1,lamp,90,461,1,0,0,0
v1,lamp,90,462,1,1,0,0
v1,lamp,90,463,1,0,0,0
v1,lamp,90,464,1,0,0,0
v1,lamp,90,465,1,1,0,0
v1,lamp,90,466,1,1,0,0
v1,lamp,90,467,1,1,0,0
v1,lamp,90,468,1,1,0,0
v1,lamp,90,469,2,1,1,0
v1,lamp,90,470,1,1,0,0
v1,lamp,90,471,1,0,0,0
v1,lamp,90,472,1,1,0,0
v1,lamp,90,473,1,1,0,0
v1,lamp,90,474,1,1,0,0
v1,lamp,90,475,1,1,0,0
v1,lamp,90,476,1,0,0,0
v1,lamp,90,477,1,1,0,0
v1,lamp,90,478,1,0,0,0
v1,lamp,90,479,1,0,0,0
v1,lamp,90,480,1,0,0,0
v1,lamp,90,481,1,1,1,0
v1,lamp,90,482,1,0,0,0
v1,lamp,90,483,1,1,0,0
v1,lamp,90,484,1,0,0,0
v1,lamp,90,485,1,0,0,0
v1,lamp,90,486,1,0,0,0
v1,lamp,90,487,1,1,0,0
v1,lamp,90,488,2,1,1,0
v1,lamp,90,489,1,1,1,0
v1,lamp,90,490,1,0,0,0
v1,lamp,90,491,1,1,1,0
v1,lamp,90,492,1,0,0,0
v1,lamp,90,493,1,0,0,0
v1,lamp,90,494,1,1,0,0
v1,lamp,90,495,1,1,1,0
v1,lamp,90,496,1,1,1,0
v1,lamp,90,497,1,1,0,0
v1,lamp,90,498,1,0,0,0
v1,lamp,90,499,1,1,0,0
v1,lamp,90,500,1,0,0,0
v1,lamp,90,501,1,0,0,0
v1,lamp,90,502,1,1,1,0
v1,lamp,90,503,1,0,0,0
v1,lamp,90,504,1,0,0,0
v1,lamp,90,505,1,1,1,0
v1,lamp,90,506,1,0,0,0
v1,lamp,90,507,1,1,0,0
v1,lamp,90,508,1,0,0,0
v1,lamp,90,509,0,0,0,0
v1,lamp,90,510,1,1,1,0
v1,lamp,90,511,1,1,0,0
v1,lamp,90,512,1,1,1,0
v1,lamp,90,513,1,1,0,0
v1,lamp,90,514,1,0,0,0
v1,lamp,90,515,1,1,0,0
v1,lamp,90,516,1,0,0,0
v1,lamp,90,517,0,0,0,0
v1,lamp,90,518,1,0,0,0
v1,lamp,90,519,1,1,1,0
v1,lamp,90,520,1,1,1,0
v1,lamp,90,521,1,0,0,0
v1,lamp,90,522,1,1,0,0
v1,lamp,90,523,1,0,0,0
v1,lamp,90,524,0,0,0,0
v1,lamp,90,525,1,1,1,0
v1,lamp,90,526,1,0,0,0
v1,lamp,90,527,1,0,0,0
v1,lamp,90,528,0,0,0,0
v1,lamp,90,529,1,0,0,0
v1,lamp,90,530,1,1,0,0
v1,lamp,90,531,1,0,0,0
v1,lamp,90,532,0,0,0,0
v1,lamp,90,533,1,1,1,0
v1,lamp,90,534,0,0,0,0
v1,lamp,90,535,1,0,0,0
v1,lamp,90,536,1,0,0,0
v1,lamp,90,537,1,1,1,0
v1,lamp,90,538,1,0,0,0
v1,lamp,90,539,1,1,1,0
v1,lamp,90,540,1,0,0,0
v1,lamp,90,541,1,0,0,0
v1,lamp,90,542,0,0,0,0
v1,lamp,90,543,1,0,0,0
v1,lamp,90,544,1,1,0,0
v1,lamp,90,545,0,0,0,0
v1,lamp,90,546,1,1,1,0
v1,lamp,90,547,1,1,1,0
v1,lamp,90,548,1,0,0,0
v1,lamp,90,549,0,0,0,0
v1,lamp,90,550,1,0,0,0
v1,lamp,90,551,0,0,0,0
v1,lamp,90,552,0,0,0,0
v1,lamp,90,553,0,0,0,0
v1,lamp,90,554,1,0,0,0
v1,lamp,90,555,0,0,0,0
v1,lamp,90,556,1,1,0,0
v1,lamp,90,557,1,0,0,0
v1,lamp,90,558,0,0,0,0
v1,lamp,90,559,0,0,0,0
v1,lamp,90,560,0,0,0,0
v1,lamp,90,561,0,0,0,0
v1,lamp,90,562,0,0,0,0
v1,lamp,90,563,0,0,0,0
v1,lamp,90,564,0,0,0,0
v1,lamp,90,565,0,0,0,0
v1,lamp,90,566,0,0,0,0
v1,lamp,90,567,0,0,0,0
v1,lamp,90,568,0,0,0,0
v1,lamp,90,569,0,0,0,0
v1,lamp,90,570,0,0,0,0
v1,lamp,90,571,0,0,0,0
v1,lamp,90,572,0,0,0,0
v1,lamp,90,573,0,0,0,0
v1,lamp,90,574,0,0,0,0
v1,lamp,90,575,0,0,0,0
v1,lamp,90,576,0,0,0,0
v1,lamp,90,577,0,0,0,0
v1,lamp,90,578,0,0,0,0
v1,lamp,90,579,0,0,0,0
v1,lamp,90,580,0,0,0,0
v1,lamp,90,581,0,0,0,0
v1,lamp,90,582,0,0,0,0
v1,lamp,90,583,0,0,0,0
v1,lamp,90,584,0,0,0,0
v1,lamp,90,585,0,0,0,0
v1,lamp,90,586,0,0,0,0
v1,lamp,90,587,0,0,0,0
v1,lamp,90,588,0,0,0,0
v1,lamp,90,589,0,0,0,0
v1,lamp,90,590,0,0,0,0
v1,lamp,90,591,0,0,0,0
v1,lamp,90,592,0,0,0,0
v1,lamp,90,593,0,0,0,0
v1,lamp,90,594,0,0,0,0
v1,lamp,90,595,0,0,0,0
v1,lamp,90,596,0,0,0,0
v1,lamp,90,597,0,0,0,0
v1,lamp,90,598,0,0,0,0
v1,lamp,90,599,0,0,0,0
v1,lamp,90,600,0,0,0,0
v1,lamp,90,601,0,0,0,0
v1,lamp,90,602,0,0,0,0
v1,lamp,90,603,0,0,0,0
v1,lamp,90,604,0,0,0,0
v1,lamp,90,605,0,0,0,0
v1,lamp,90,606,0,0,0,0
v1,lamp,90,607,0,0,0,0
v1,lamp,90,608,0,0,0,0
v1,lamp,90,609,0,0,0,0
v1,lamp,90,610,0,0,0,0
v1,lamp,90,611,0,0,0,0
v1,lamp,90,612,0,0,0,0
v1,lamp,90,613,0,0,0,0
v1,lamp,90,614,0,0,0,0
v1,lamp,90,615,0,0,0,0
v1,lamp,90,616,0,0,0,0
v1,lamp,90,617,0,0,0,0
v1,lamp,90,618,0,0,0,0
v1,lamp,90,619,0,0,0,0
v1,lamp,90,620,0,0,0,0
v1,lamp,90,621,0,0,0,0
v1,lamp,90,622,0,0,0,0
v1,lamp,90,623,0,0,0,0
v1,lamp,90,624,0,0,0,0
v1,lamp,90,625,0,0,0,0
v1,lamp,90,626,0,0,0,0
v1,lamp,90,627,0,0,0,0
v1,lamp,90,628,0,0,0,0
v1,lamp,90,629,0,0,0,0
v1,lamp,90,630,0,0,0,0
v1,lamp,90,631,0,0,0,0
v1,lamp,90,632,0,0,0,0
v1,lamp,90,633,0,0,0,0
v1,lamp,90,634,0,0,0,0
v1,lamp,90,635,0,0,0,0
v1,lamp,90,636,0,0,0,0
v1,lamp,90,637,0,0,0,0
v1,lamp,90,638,0,0,0,0
v1,lamp,90,639,0,0,0,0
v1,lamp,90,640,0,0,0,0
v1,lamp,90,641,0,0,0,0
v1,lamp,90,642,0,0,0,0
v1,lamp,90,643,0,0,0,0
v1,lamp,90,644,0,0,0,0
v1,lamp,90,645,0,0,0,0
v1,lamp,90,646,0,0,0,0
v1,lamp,90,647,0,0,0,0
v1,lamp,90,648,0,0,0,0
v1,lamp,90,649,0,0,0,0
v1,lamp,90,650,0,0,0,0
v1,lamp,90,651,0,0,0,0
v1,lamp,90,652,0,0,0,0
v1,lamp,90,653,0,0,0,0
v1,lamp,90,654,0,0,0,0
v1,lamp,90,655,0,0,0,0
v1,lamp,90,656,0,0,0,0
v1,lamp,90,657,0,0,0,0
v1,lamp,90,658,0,0,0,0
v1,lamp,90,659,0,0,0,0
v1,lamp,90,660,0,0,0,0
v1,lamp,90,661,0,0,0,0
v1,lamp,90,662,0,0,0,0
v1,lamp,90,663,0,0,0,0
v1,lamp,90,664,0,0,0,0
v1,lamp,90,665,0,0,0,0
v1,lamp,90,666,0,0,0,0
v1,lamp,90,667,0,0,0,0
v1,lamp,90,668,0,0,0,0
v1,lamp,90,669,0,0,0,0
v1,lamp,90,670,0,0,0,0
v1,lamp,90,671,0,0,0,0
v1,lamp,90,672,0,0,0,0
v1,lamp,90,673,0,0,0,0
v1,lamp,90,674,0,0,0,0
v1,lamp,90,675,0,0,0,0
v1,lamp,90,676,0,0,0,0
v1,lamp,90,677,0,0,0,0
v1,lamp,90,678,0,0,0,0
v1,lamp,90,679,0,0,0,0
v1,lamp,90,680,0,0,0,0
v1,lamp,90,681,0,0,0,0
v1,lamp,90,682,0,0,0,0
v1,lamp,90,683,0,0,0,0
v1,lamp,90,684,0,0,0,0
v1,lamp,90,685,0,0,0,0
v1,lamp,90,686,0,0,0,0
v1,lamp,90,687,0,0,0,0
v1,lamp,90,688,0,0,0,0
v1,lamp,90,689,0,0,0,0
v1,lamp,90,690,0,0,0,0
v1,lamp,90,691,0,0,0,0
v1,lamp,90,692,0,0,0,0
v1,lamp,90,693,0,0,0,0
v1,lamp,90,694,0,0,0,0
v1,lamp,90,695,0,0,0,0
v1,lamp,90,696,0,0,0,0
v1,lamp,90,697,0,0,0,0
v1,lamp,90,698,0,0,0,0
v1,lamp,90,699,0,0,0,0