version,case,gain,r,R,G,B,satWidth
v0,point,30,0,255,255,255,6
v0,point,30,1,255,255,255,6
v0,point,30,2,255,255,255,4
v0,point,30,3,195,194,193,0
v0,point,30,4,177,175,174,0
v0,point,30,5,174,172,170,0
v0,point,30,6,171,169,167,0
v0,point,30,7,168,165,163,0
v0,point,30,8,166,163,160,0
v0,point,30,9,163,160,157,0
v0,point,30,10,160,157,153,0
v0,point,30,11,158,154,150,0
v0,point,30,12,155,151,147,0
v0,point,30,13,153,148,144,0
v0,point,30,14,150,145,140,0
v0,point,30,15,147,142,137,0
v0,point,30,16,145,140,134,0
v0,point,30,17,142,137,131,0
v0,point,30,18,139,134,128,0
v0,point,30,19,137,132,126,0
v0,point,30,20,135,129,123,0
v0,point,30,21,132,126,120,0
v0,point,30,22,130,124,117,0
v0,point,30,23,128,121,115,0
v0,point,30,24,125,118,111,0
v0,point,30,25,123,116,109,0
v0,point,30,26,120,113,106,0
v0,point,30,27,119,111,104,0
v0,point,30,28,116,109,101,0
v0,point,30,29,114,107,99,0
v0,point,30,30,112,104,96,0
v0,point,30,31,110,102,95,0
v0,point,30,32,108,100,92,0
v0,point,30,33,105,97,89,0
v0,point,30,34,104,96,88,0
v0,point,30,35,102,94,85,0
v0,point,30,36,100,92,84,0
v0,point,30,37,98,90,81,0
v0,point,30,38,96,87,79,0
v0,point,30,39,94,86,77,0
v0,point,30,40,93,84,76,0
v0,point,30,41,90,82,73,0
v0,point,30,42,89,81,72,0
v0,point,30,43,87,79,70,0
v0,point,30,44,85,76,68,0
v0,point,30,45,83,74,66,0
v0,point,30,46,82,73,64,0
v0,point,30,47,81,72,63,0
v0,point,30,48,79,70,62,0
v0,point,30,49,77,68,59,0
v0,point,30,50,76,67,59,0
v0,point,30,51,75,66,57,0
v0,point,30,52,73,64,56,0
v0,point,30,53,71,62,54,0
v0,point,30,54,70,61,53,0
v0,point,30,55,69,60,52,0
v0,point,30,56,68,59,51,0
v0,point,30,57,65,57,48,0
v0,point,30,58,64,56,48,0
v0,point,30,59,63,54,46,0
v0,point,30,60,62,54,46,0
v0,point,30,61,60,52,44,0
v0,point,30,62,60,51,43,0
v0,point,30,63,58,50,42,0
v0,point,30,64,57,48,40,0
v0,point,30,65,56,48,40,0
v0,point,30,66,54,46,38,0
v0,point,30,67,53,45,38,0
v0,point,30,68,52,44,36,0
v0,point,30,69,51,43,36,0
v0,point,30,70,51,43,35,0
v0,point,30,71,49,41,34,0
v0,point,30,72,48,40,33,0
v0,point,30,73,48,40,33,0
v0,point,30,74,46,38,31,0
v0,point,30,75,46,38,31,0
v0,point,30,76,45,37,30,0
v0,point,30,77,44,36,29,0
v0,point,30,78,43,35,28,0
v0,point,30,79,42,35,28,0
v0,point,30,80,41,33,27,0
v0,point,30,81,40,33,26,0
v0,point,30,82,39,32,25,0
v0,point,30,83,39,31,25,0
v0,point,30,84,38,31,25,0
v0,point,30,85,37,30,24,0
v0,point,30,86,37,30,23,0
v0,point,30,87,36,29,23,0
v0,point,30,88,35,28,22,0
v0,point,30,89,34,27,21,0
v0,point,30,90,33,27,21,0
v0,point,30,91,32,26,20,0
v0,point,30,92,32,25,20,0
v0,point,30,93,31,24,19,0
v0,point,30,94,31,24,19,0
v0,point,30,95,30,23,18,0
v0,point,30,96,30,23,18,0
v0,point,30,97,29,23,17,0
v0,point,30,98,28,22,17,0
v0,point,30,99,28,22,17,0
v0,point,30,100,28,22,17,0
v0,point,30,101,27,21,16,0
v0,point,30,102,26,20,15,0
v0,point,30,103,26,20,15,0
v0,point,30,104,25,19,14,0
v0,point,30,105,25,19,14,0
v0,point,30,106,24,18,13,0
v0,point,30,107,24,18,14,0
v0,point,30,108,23,17,13,0
v0,point,30,109,23,17,13,0
v0,point,30,110,22,16,12,0
v0,point,30,111,22,16,12,0
v0,point,30,112,22,16,12,0
v0,point,30,113,21,16,12,0
v0,point,30,114,21,15,11,0
v0,point,30,115,20,15,11,0
v0,point,30,116,20,15,11,0
v0,point,30,117,19,14,10,0
v0,point,30,118,19,14,10,0
v0,point,30,119,18,14,10,0
v0,point,30,120,18,13,9,0
v0,point,30,121,18,13,9,0
v0,point,30,122,17,12,9,0
v0,point,30,123,17,13,9,0
v0,point,30,124,16,12,8,0
v0,point,30,125,16,12,9,0
v0,point,30,126,16,11,8,0
v0,point,30,127,16,11,8,0
v0,point,30,128,15,11,8,0
v0,point,30,129,15,11,8,0
v0,point,30,130,15,11,7,0
v0,point,30,131,14,10,7,0
v0,point,30,132,14,10,7,0
v0,point,30,133,14,10,7,0
v0,point,30,134,13,9,6,0
v0,point,30,135,13,9,6,0
v0,point,30,136,13,9,7,0
v0,point,30,137,13,9,6,0
v0,point,30,138,12,8,6,0
v0,point,30,139,12,8,6,0
v0,point,30,140,12,8,6,0
v0,point,30,141,11,8,5,0
v0,point,30,142,11,8,5,0
v0,point,30,143,11,7,5,0
v0,point,30,144,11,8,5,0
v0,point,30,145,11,8,5,0
v0,point,30,146,11,7,5,0
v0,point,30,147,11,7,5,0
v0,point,30,148,10,7,5,0
v0,point,30,149,10,7,4,0
v0,point,30,150,9,6,4,0
v0,point,30,151,9,6,4,0
v0,point,30,152,9,6,4,0
v0,point,30,153,9,6,4,0
v0,point,30,154,9,6,4,0
v0,point,30,155,8,6,4,0
v0,point,30,156,8,6,4,0
v0,point,30,157,8,6,4,0
v0,point,30,158,8,6,4,0
v0,point,30,159,8,5,3,0
v0,point,30,160,8,5,3,0
v0,point,30,161,8,5,4,0
v0,point,30,162,8,5,4,0
v0,point,30,163,7,4,3,0
v0,point,30,164,7,5,3,0
v0,point,30,165,7,5,3,0
v0,point,30,166,7,4,3,0
v0,point,30,167,7,5,3,0
v0,point,30,168,6,4,2,0
v0,point,30,169,6,4,3,0
v0,point,30,170,6,4,3,0
v0,point,30,171,6,4,3,0
v0,point,30,172,6,4,3,0
v0,point,30,173,6,4,3,0
v0,point,30,174,6,4,2,0
v0,point,30,175,5,3,2,0
v0,point,30,176,6,4,3,0
v0,point,30,177,5,3,2,0
v0,point,30,178,6,4,2,0
v0,point,30,179,5,3,2,0
v0,point,30,180,5,3,2,0
v0,point,30,181,5,3,2,0
v0,point,30,182,5,3,2,0
v0,point,30,183,4,3,1,0
v0,point,30,184,5,3,2,0
v0,point,30,185,5,3,2,0
v0,point,30,186,4,3,2,0
v0,point,30,187,5,3,2,0
v0,point,30,188,4,2,1,0
v0,point,30,189,4,3,2,0
v0,point,30,190,4,3,2,0
v0,point,30,191,4,2,1,0
v0,point,30,192,4,2,1,0
v0,point,30,193,4,3,2,0
v0,point,30,194,4,3,2,0
v0,point,30,195,3,2,1,0
v0,point,30,196,4,2,1,0
v0,point,30,197,3,2,1,0
v0,point,30,198,3,2,1,0
v0,point,30,199,3,2,1,0
v0,point,30,200,3,2,1,0
v0,point,30,201,4,2,1,0
v0,point,30,202,3,2,1,0
v0,point,30,203,3,2,1,0
v0,point,30,204,4,2,1,0
v0,point,30,205,3,2,1,0
v0,point,30,206,3,2,1,0
v0,point,30,207,3,2,1,0
v0,point,30,208,3,1,1,0
v0,point,30,209,3,2,1,0
v0,point,30,210,3,2,1,0
v0,point,30,211,2,1,1,0
v0,point,30,212,3,2,1,0
v0,point,30,213,2,1,1,0
v0,point,30,214,2,1,1,0
v0,point,30,215,2,1,0,0
v0,point,30,216,3,2,1,0
v0,point,30,217,2,1,0,0
v0,point,30,218,2,1,1,0
v0,point,30,219,2,1,1,0
v0,point,30,220,2,1,1,0
v0,point,30,221,2,1,0,0
v0,point,30,222,2,1,1,0
v0,point,30,223,2,1,1,0
v0,point,30,224,2,1,1,0
v0,point,30,225,2,1,0,0
v0,point,30,226,2,1,1,0
v0,point,30,227,2,1,0,0
v0,point,30,228,2,1,1,0
v0,point,30,229,1,1,0,0
v0,point,30,230,2,1,0,0
v0,point,30,231,2,1,1,0
v0,point,30,232,1,0,0,0
v0,point,30,233,2,1,1,0
v0,point,30,234,2,1,1,0
v0,point,30,235,2,1,1,0
v0,point,30,236,1,1,0,0
v0,point,30,237,2,1,1,0
v0,point,30,238,1,0,0,0
v0,point,30,239,1,1,0,0
v0,point,30,240,1,1,0,0
v0,point,30,241,2,1,1,0
v0,point,30,242,1,1,0,0
v0,point,30,243,1,0,0,0
v0,point,30,244,2,1,1,0
v0,point,30,245,0,0,0,0
v0,point,30,246,0,0,0,0
v0,point,30,247,0,0,0,0
v0,point,30,248,0,0,0,0
v0,point,30,249,0,0,0,0
v0,point,30,250,0,0,0,0
v0,point,30,251,0,0,0,0
v0,point,30,252,0,0,0,0
v0,point,30,253,0,0,0,0
v0,point,30,254,0,0,0,0
v0,point,30,255,0,0,0,0
v0,point,30,256,0,0,0,0
v0,point,30,257,0,0,0,0
v0,point,30,258,0,0,0,0
v0,point,30,259,0,0,0,0
v0,point,30,260,0,0,0,0
v0,point,30,261,0,0,0,0
v0,point,30,262,0,0,0,0
v0,point,30,263,0,0,0,0
v0,point,30,264,0,0,0,0
v0,point,30,265,0,0,0,0
v0,point,30,266,0,0,0,0
v0,point,30,267,0,0,0,0
v0,point,30,268,0,0,0,0
v0,point,30,269,0,0,0,0
v0,point,30,270,0,0,0,0
v0,point,30,271,0,0,0,0
v0,point,30,272,0,0,0,0
v0,point,30,273,0,0,0,0
v0,point,30,274,0,0,0,0
v0,point,30,275,0,0,0,0
v0,point,30,276,0,0,0,0
v0,point,30,277,0,0,0,0
v0,point,30,278,0,0,0,0
v0,point,30,279,0,0,0,0
v0,point,30,280,0,0,0,0
v0,point,30,281,0,0,0,0
v0,point,30,282,0,0,0,0
v0,point,30,283,0,0,0,0
v0,point,30,284,0,0,0,0
v0,point,30,285,0,0,0,0
v0,point,30,286,0,0,0,0
v0,point,30,287,0,0,0,0
v0,point,30,288,0,0,0,0
v0,point,30,289,0,0,0,0
v0,point,30,290,0,0,0,0
v0,point,30,291,0,0,0,0
v0,point,30,292,0,0,0,0
v0,point,30,293,0,0,0,0
v0,point,30,294,0,0,0,0
v0,point,30,295,0,0,0,0
v0,point,30,296,0,0,0,0
v0,point,30,297,0,0,0,0
v0,point,30,298,0,0,0,0
v0,point,30,299,0,0,0,0
v0,point,30,300,0,0,0,0
v0,point,30,301,0,0,0,0
v0,point,30,302,0,0,0,0
v0,point,30,303,0,0,0,0
v0,point,30,304,0,0,0,0
v0,point,30,305,0,0,0,0
v0,point,30,306,0,0,0,0
v0,point,30,307,0,0,0,0
v0,point,30,308,0,0,0,0
v0,point,30,309,0,0,0,0
v0,point,30,310,0,0,0,0
v0,point,30,311,0,0,0,0
v0,point,30,312,0,0,0,0
v0,point,30,313,0,0,0,0
v0,point,30,314,0,0,0,0
v0,point,30,315,0,0,0,0
v0,point,30,316,0,0,0,0
v0,point,30,317,0,0,0,0
v0,point,30,318,0,0,0,0
v0,point,30,319,0,0,0,0
v0,point,30,320,0,0,0,0
v0,point,30,321,0,0,0,0
v0,point,30,322,0,0,0,0
v0,point,30,323,0,0,0,0
v0,point,30,324,0,0,0,0
v0,point,30,325,0,0,0,0
v0,point,30,326,0,0,0,0
v0,point,30,327,0,0,0,0
v0,point,30,328,0,0,0,0
v0,point,30,329,0,0,0,0
v0,point,30,330,0,0,0,0
v0,point,30,331,0,0,0,0
v0,point,30,332,0,0,0,0
v0,point,30,333,0,0,0,0
v0,point,30,334,0,0,0,0
v0,point,30,335,0,0,0,0
v0,point,30,336,0,0,0,0
v0,point,30,337,0,0,0,0
v0,point,30,338,0,0,0,0
v0,point,30,339,0,0,0,0
v0,point,30,340,0,0,0,0
v0,point,30,341,0,0,0,0
v0,point,30,342,0,0,0,0
v0,point,30,343,0,0,0,0
v0,point,30,344,0,0,0,0
v0,point,30,345,0,0,0,0
v0,point,30,346,0,0,0,0
v0,point,30,347,0,0,0,0
v0,point,30,348,0,0,0,0
v0,point,30,349,0,0,0,0
v0,point,30,350,0,0,0,0
v0,point,30,351,0,0,0,0
v0,point,30,352,0,0,0,0
v0,point,30,353,0,0,0,0
v0,point,30,354,0,0,0,0
v0,point,30,355,0,0,0,0
v0,point,30,356,0,0,0,0
v0,point,30,357,0,0,0,0
v0,point,30,358,0,0,0,0
v0,point,30,359,0,0,0,0
v0,point,30,360,0,0,0,0
v0,point,30,361,0,0,0,0
v0,point,30,362,0,0,0,0
v0,point,30,363,0,0,0,0
v0,point,30,364,0,0,0,0
v0,point,30,365,0,0,0,0
v0,point,30,366,0,0,0,0
v0,point,30,367,0,0,0,0
v0,point,30,368,0,0,0,0
v0,point,30,369,0,0,0,0
v0,point,30,370,0,0,0,0
v0,point,30,371,0,0,0,0
v0,point,30,372,0,0,0,0
v0,point,30,373,0,0,0,0
v0,point,30,374,0,0,0,0
v0,point,30,375,0,0,0,0
v0,point,30,376,0,0,0,0
v0,point,30,377,0,0,0,0
v0,point,30,378,0,0,0,0
v0,point,30,379,0,0,0,0
v0,point,30,380,0,0,0,0
v0,point,30,381,0,0,0,0
v0,point,30,382,0,0,0,0
v0,point,30,383,0,0,0,0
v0,point,30,384,0,0,0,0
v0,point,30,385,0,0,0,0
v0,point,30,386,0,0,0,0
v0,point,30,387,0,0,0,0
v0,point,30,388,0,0,0,0
v0,point,30,389,0,0,0,0
v0,point,30,390,0,0,0,0
v0,point,30,391,0,0,0,0
v0,point,30,392,0,0,0,0
v0,point,30,393,0,0,0,0
v0,point,30,394,0,0,0,0
v0,point,30,395,0,0,0,0
v0,point,30,396,0,0,0,0
v0,point,30,397,0,0,0,0
v0,point,30,398,0,0,0,0
v0,point,30,399,0,0,0,0
v0,point,30,400,0,0,0,0
v0,point,30,401,0,0,0,0
v0,point,30,402,0,0,0,0
v0,point,30,403,0,0,0,0
v0,point,30,404,0,0,0,0
v0,point,30,405,0,0,0,0
v0,point,30,406,0,0,0,0
v0,point,30,407,0,0,0,0
v0,point,30,408,0,0,0,0
v0,point,30,409,0,0,0,0
v0,point,30,410,0,0,0,0
v0,point,30,411,0,0,0,0
v0,point,30,412,0,0,0,0
v0,point,30,413,0,0,0,0
v0,point,30,414,0,0,0,0
v0,point,30,415,0,0,0,0
v0,point,30,416,0,0,0,0
v0,point,30,417,0,0,0,0
v0,point,30,418,0,0,0,0
v0,point,30,419,0,0,0,0
v0,point,30,420,0,0,0,0
v0,point,30,421,0,0,0,0
v0,point,30,422,0,0,0,0
v0,point,30,423,0,0,0,0
v0,point,30,424,0,0,0,0
v0,point,30,425,0,0,0,0
v0,point,30,426,0,0,0,0
v0,point,30,427,0,0,0,0
v0,point,30,428,0,0,0,0
v0,point,30,429,0,0,0,0
v0,point,30,430,0,0,0,0
v0,point,30,431,0,0,0,0
v0,point,30,432,0,0,0,0
v0,point,30,433,0,0,0,0
v0,point,30,434,0,0,0,0
v0,point,30,435,0,0,0,0
v0,point,30,436,0,0,0,0
v0,point,30,437,0,0,0,0
v0,point,30,438,0,0,0,0
v0,point,30,439,0,0,0,0
v0,point,30,440,0,0,0,0
v0,point,30,441,0,0,0,0
v0,point,30,442,0,0,0,0
v0,point,30,443,0,0,0,0
v0,point,30,444,0,0,0,0
v0,point,30,445,0,0,0,0
v0,point,30,446,0,0,0,0
v0,point,30,447,0,0,0,0
v0,point,30,448,0,0,0,0
v0,point,30,449,0,0,0,0
v0,point,30,450,0,0,0,0
v0,point,30,451,0,0,0,0
v0,point,30,452,0,0,0,0
v0,point,30,453,0,0,0,0
v0,point,30,454,0,0,0,0
v0,point,30,455,0,0,0,0
v0,point,30,456,0,0,0,0
v0,point,30,457,0,0,0,0
v0,point,30,458,0,0,0,0
v0,point,30,459,0,0,0,0
v0,point,30,460,0,0,0,0
v0,point,30,461,0,0,0,0
v0,point,30,462,0,0,0,0
v0,point,30,463,0,0,0,0
v0,point,30,464,0,0,0,0
v0,point,30,465,0,0,0,0
v0,point,30,466,0,0,0,0
v0,point,30,467,0,0,0,0
v0,point,30,468,0,0,0,0
v0,point,30,469,0,0,0,0
v0,point,30,470,0,0,0,0
v0,point,30,471,0,0,0,0
v0,point,30,472,0,0,0,0
v0,point,30,473,0,0,0,0
v0,point,30,474,0,0,0,0
v0,point,30,475,0,0,0,0
v0,point,30,476,0,0,0,0
v0,point,30,477,0,0,0,0
v0,point,30,478,0,0,0,0
v0,point,30,479,0,0,0,0
v0,point,30,480,0,0,0,0
v0,point,30,481,0,0,0,0
v0,point,30,482,0,0,0,0
v0,point,30,483,0,0,0,0
v0,point,30,484,0,0,0,0
v0,point,30,485,0,0,0,0
v0,point,30,486,0,0,0,0
v0,point,30,487,0,0,0,0
v0,point,30,488,0,0,0,0
v0,point,30,489,0,0,0,0
v0,point,30,490,0,0,0,0
v0,point,30,491,0,0,0,0
v0,point,30,492,0,0,0,0
v0,point,30,493,0,0,0,0
v0,point,30,494,0,0,0,0
v0,point,30,495,0,0,0,0
v0,point,30,496,0,0,0,0
v0,point,30,497,0,0,0,0
v0,point,30,498,0,0,0,0
v0,point,30,499,0,0,0,0
v0,point,30,500,0,0,0,0
v0,point,30,501,0,0,0,0
v0,point,30,502,0,0,0,0
v0,point,30,503,0,0,0,0
v0,point,30,504,0,0,0,0
v0,point,30,505,0,0,0,0
v0,point,30,506,0,0,0,0
v0,point,30,507,0,0,0,0
v0,point,30,508,0,0,0,0
v0,point,30,509,0,0,0,0
v0,point,30,510,0,0,0,0
v0,point,30,511,0,0,0,0
v0,point,30,512,0,0,0,0
v0,point,30,513,0,0,0,0
v0,point,30,514,0,0,0,0
v0,point,30,515,0,0,0,0
v0,point,30,516,0,0,0,0
v0,point,30,517,0,0,0,0
v0,point,30,518,0,0,0,0
v0,point,30,519,0,0,0,0
v0,point,30,520,0,0,0,0
v0,point,30,521,0,0,0,0
v0,point,30,522,0,0,0,0
v0,point,30,523,0,0,0,0
v0,point,30,524,0,0,0,0
v0,point,30,525,0,0,0,0
v0,point,30,526,0,0,0,0
v0,point,30,527,0,0,0,0
v0,point,30,528,0,0,0,0
v0,point,30,529,0,0,0,0
v0,point,30,530,0,0,0,0
v0,point,30,531,0,0,0,0
v0,point,30,532,0,0,0,0
v0,point,30,533,0,0,0,0
v0,point,30,534,0,0,0,0
v0,point,30,535,0,0,0,0
v0,point,30,536,0,0,0,0
v0,point,30,537,0,0,0,0
v0,point,30,538,0,0,0,0
v0,point,30,539,0,0,0,0
v0,point,30,540,0,0,0,0
v0,point,30,541,0,0,0,0
v0,point,30,542,0,0,0,0
v0,point,30,543,0,0,0,0
v0,point,30,544,0,0,0,0
v0,point,30,545,0,0,0,0
v0,point,30,546,0,0,0,0
v0,point,30,547,0,0,0,0
v0,point,30,548,0,0,0,0
v0,point,30,549,0,0,0,0
v0,point,30,550,0,0,0,0
v0,point,30,551,0,0,0,0
v0,point,30,552,0,0,0,0
v0,point,30,553,0,0,0,0
v0,point,30,554,0,0,0,0
v0,point,30,555,0,0,0,0
v0,point,30,556,0,0,0,0
v0,point,30,557,0,0,0,0
v0,point,30,558,0,0,0,0
v0,point,30,559,0,0,0,0
v0,point,30,560,0,0,0,0
v0,point,30,561,0,0,0,0
v0,point,30,562,0,0,0,0
v0,point,30,563,0,0,0,0
v0,point,30,564,0,0,0,0
v0,point,30,565,0,0,0,0
v0,point,30,566,0,0,0,0
v0,point,30,567,0,0,0,0
v0,point,30,568,0,0,0,0
v0,point,30,569,0,0,0,0
v0,point,30,570,0,0,0,0
v0,point,30,571,0,0,0,0
v0,point,30,572,0,0,0,0
v0,point,30,573,0,0,0,0
v0,point,30,574,0,0,0,0
v0,point,30,575,0,0,0,0
v0,point,30,576,0,0,0,0
v0,point,30,577,0,0,0,0
v0,point,30,578,0,0,0,0
v0,point,30,579,0,0,0,0
v0,point,30,580,0,0,0,0
v0,point,30,581,0,0,0,0
v0,point,30,582,0,0,0,0
v0,point,30,583,0,0,0,0
v0,point,30,584,0,0,0,0
v0,point,30,585,0,0,0,0
v0,point,30,586,0,0,0,0
v0,point,30,587,0,0,0,0
v0,point,30,588,0,0,0,0
v0,point,30,589,0,0,0,0
v0,point,30,590,0,0,0,0
v0,point,30,591,0,0,0,0
v0,point,30,592,0,0,0,0
v0,point,30,593,0,0,0,0
v0,point,30,594,0,0,0,0
v0,point,30,595,0,0,0,0
v0,point,30,596,0,0,0,0
v0,point,30,597,0,0,0,0
v0,point,30,598,0,0,0,0
v0,point,30,599,0,0,0,0
v0,point,30,600,0,0,0,0
v0,point,30,601,0,0,0,0
v0,point,30,602,0,0,0,0
v0,point,30,603,0,0,0,0
v0,point,30,604,0,0,0,0
v0,point,30,605,0,0,0,0
v0,point,30,606,0,0,0,0
v0,point,30,607,0,0,0,0
v0,point,30,608,0,0,0,0
v0,point,30,609,0,0,0,0
v0,point,30,610,0,0,0,0
v0,point,30,611,0,0,0,0
v0,point,30,612,0,0,0,0
v0,point,30,613,0,0,0,0
v0,point,30,614,0,0,0,0
v0,point,30,615,0,0,0,0
v0,point,30,616,0,0,0,0
v0,point,30,617,0,0,0,0
v0,point,30,618,0,0,0,0
v0,point,30,619,0,0,0,0
v0,point,30,620,0,0,0,0
v0,point,30,621,0,0,0,0
v0,point,30,622,0,0,0,0
v0,point,30,623,0,0,0,0
v0,point,30,624,0,0,0,0
v0,point,30,625,0,0,0,0
v0,point,30,626,0,0,0,0
v0,point,30,627,0,0,0,0
v0,point,30,628,0,0,0,0
v0,point,30,629,0,0,0,0
v0,point,30,630,0,0,0,0
v0,point,30,631,0,0,0,0
v0,point,30,632,0,0,0,0
v0,point,30,633,0,0,0,0
v0,point,30,634,0,0,0,0
v0,point,30,635,0,0,0,0
v0,point,30,636,0,0,0,0
v0,point,30,637,0,0,0,0
v0,point,30,638,0,0,0,0
v0,point,30,639,0,0,0,0
v0,point,30,640,0,0,0,0
v0,point,30,641,0,0,0,0
v0,point,30,642,0,0,0,0
v0,point,30,643,0,0,0,0
v0,point,30,644,0,0,0,0
v0,point,30,645,0,0,0,0
v0,point,30,646,0,0,0,0
v0,point,30,647,0,0,0,0
v0,point,30,648,0,0,0,0
v0,point,30,649,0,0,0,0
v0,point,30,650,0,0,0,0
v0,point,30,651,0,0,0,0
v0,point,30,652,0,0,0,0
v0,point,30,653,0,0,0,0
v0,point,30,654,0,0,0,0
v0,point,30,655,0,0,0,0
v0,point,30,656,0,0,0,0
v0,point,30,657,0,0,0,0
v0,point,30,658,0,0,0,0
v0,point,30,659,0,0,0,0
v0,point,30,660,0,0,0,0
v0,point,30,661,0,0,0,0
v0,point,30,662,0,0,0,0
v0,point,30,663,0,0,0,0
v0,point,30,664,0,0,0,0
v0,point,30,665,0,0,0,0
v0,point,30,666,0,0,0,0
v0,point,30,667,0,0,0,0
v0,point,30,668,0,0,0,0
v0,point,30,669,0,0,0,0
v0,point,30,670,0,0,0,0
v0,point,30,671,0,0,0,0
v0,point,30,672,0,0,0,0
v0,point,30,673,0,0,0,0
v0,point,30,674,0,0,0,0
v0,point,30,675,0,0,0,0
v0,point,30,676,0,0,0,0
v0,point,30,677,0,0,0,0
v0,point,30,678,0,0,0,0
v0,point,30,679,0,0,0,0
v0,point,30,680,0,0,0,0
v0,point,30,681,0,0,0,0
v0,point,30,682,0,0,0,0
v0,point,30,683,0,0,0,0
v0,point,30,684,0,0,0,0
v0,point,30,685,0,0,0,0
v0,point,30,686,0,0,0,0
v0,point,30,687,0,0,0,0
v0,point,30,688,0,0,0,0
v0,point,30,689,0,0,0,0
v0,point,30,690,0,0,0,0
v0,point,30,691,0,0,0,0
v0,point,30,692,0,0,0,0
v0,point,30,693,0,0,0,0
v0,point,30,694,0,0,0,0
v0,point,30,695,0,0,0,0
v0,point,30,696,0,0,0,0
v0,point,30,697,0,0,0,0
v0,point,30,698,0,0,0,0
v0,point,30,699,0,0,0,0
v0,point,60,0,255,255,255,6
v0,point,60,1,255,255,255,6
v0,point,60,2,255,255,255,6
v0,point,60,3,247,246,246,0
v0,point,60,4,243,243,242,0
v0,point,60,5,242,241,240,0
v0,point,60,6,241,240,238,0
v0,point,60,7,239,237,236,0
v0,point,60,8,238,236,234,0
v0,point,60,9,236,234,232,0
v0,point,60,10,234,232,229,0
v0,point,60,11,233,230,227,0
v0,point,60,12,231,228,225,0
v0,point,60,13,229,226,222,0
v0,point,60,14,226,223,219,0
v0,point,60,15,224,220,216,0
v0,point,60,16,222,218,213,0
v0,point,60,17,220,215,210,0
v0,point,60,18,218,212,206,0
v0,point,60,19,216,210,204,0
v0,point,60,20,214,207,201,0
v0,point,60,21,211,204,197,0
v0,point,60,22,209,202,194,0
v0,point,60,23,206,199,191,0
v0,point,60,24,203,195,187,0
v0,point,60,25,200,192,183,0
v0,point,60,26,198,189,180,0
v0,point,60,27,196,187,177,0
v0,point,60,28,193,183,173,0
v0,point,60,29,190,181,170,0
v0,point,60,30,188,178,167,0
v0,point,60,31,185,175,164,0
v0,point,60,32,182,172,160,0
v0,point,60,33,179,168,157,0
v0,point,60,34,177,166,154,0
v0,point,60,35,174,163,150,0
v0,point,60,36,172,160,148,0
v0,point,60,37,169,157,144,0
v0,point,60,38,166,153,140,0
v0,point,60,39,164,151,138,0
v0,point,60,40,161,148,135,0
v0,point,60,41,158,145,132,0
v0,point,60,42,156,143,129,0
v0,point,60,43,153,140,126,0
v0,point,60,44,150,136,123,0
v0,point,60,45,147,134,120,0
v0,point,60,46,145,131,117,0
v0,point,60,47,143,129,115,0
v0,point,60,48,140,126,112,0
v0,point,60,49,137,123,109,0
v0,point,60,50,136,121,107,0
v0,point,60,51,133,119,104,0
v0,point,60,52,131,116,102,0
v0,point,60,53,128,113,99,0
v0,point,60,54,126,111,97,0
v0,point,60,55,124,109,95,0
v0,point,60,56,122,107,93,0
v0,point,60,57,119,104,90,0
v0,point,60,58,117,102,88,0
v0,point,60,59,114,100,85,0
v0,point,60,60,113,98,84,0
v0,point,60,61,110,95,81,0
v0,point,60,62,108,94,80,0
v0,point,60,63,106,91,77,0
v0,point,60,64,104,89,75,0
v0,point,60,65,103,88,74,0
v0,point,60,66,100,85,71,0
v0,point,60,67,98,83,70,0
v0,point,60,68,96,81,68,0
v0,point,60,69,94,80,66,0
v0,point,60,70,93,78,65,0
v0,point,60,71,91,76,63,0
v0,point,60,72,89,74,61,0
v0,point,60,73,88,73,60,0
v0,point,60,74,85,71,58,0
v0,point,60,75,84,70,57,0
v0,point,60,76,82,68,56,0
v0,point,60,77,81,67,55,0
v0,point,60,78,79,65,53,0
v0,point,60,79,78,64,52,0
v0,point,60,80,76,62,50,0
v0,point,60,81,75,61,49,0
v0,point,60,82,73,59,47,0
v0,point,60,83,72,58,47,0
v0,point,60,84,70,57,46,0
v0,point,60,85,69,56,44,0
v0,point,60,86,68,55,43,0
v0,point,60,87,66,53,42,0
v0,point,60,88,65,52,41,0
v0,point,60,89,63,51,40,0
v0,point,60,90,62,50,39,0
v0,point,60,91,61,48,38,0
v0,point,60,92,60,47,37,0
v0,point,60,93,58,46,36,0
v0,point,60,94,57,45,35,0
v0,point,60,95,56,44,34,0
v0,point,60,96,55,43,34,0
v0,point,60,97,54,42,33,0
v0,point,60,98,53,41,31,0
v0,point,60,99,52,40,31,0
v0,point,60,100,51,40,30,0
v0,point,60,101,50,39,29,0
v0,point,60,102,48,37,28,0
v0,point,60,103,48,37,28,0
v0,point,60,104,46,35,27,0
v0,point,60,105,46,35,27,0
v0,point,60,106,44,34,25,0
v0,point,60,107,44,34,25,0
v0,point,60,108,43,33,24,0
v0,point,60,109,42,32,24,0
v0,point,60,110,41,31,23,0
v0,point,60,111,40,30,22,0
v0,point,60,112,40,30,22,0
v0,point,60,113,39,29,22,0
v0,point,60,114,38,29,21,0
v0,point,60,115,37,28,20,0
v0,point,60,116,37,28,20,0
v0,point,60,117,35,26,19,0
v0,point,60,118,35,26,19,0
v0,point,60,119,34,25,18,0
v0,point,60,120,33,24,17,0
v0,point,60,121,33,24,17,0
v0,point,60,122,32,23,17,0
v0,point,60,123,32,24,17,0
v0,point,60,124,31,22,16,0
v0,point,60,125,31,22,16,0
v0,point,60,126,30,21,15,0
v0,point,60,127,29,21,15,0
v0,point,60,128,28,20,14,0
v0,point,60,129,28,21,15,0
v0,point,60,130,27,20,14,0
v0,point,60,131,27,19,13,0
v0,point,60,132,26,18,13,0
v0,point,60,133,26,18,13,0
v0,point,60,134,25,18,12,0
v0,point,60,135,25,17,12,0
v0,point,60,136,24,17,12,0
v0,point,60,137,24,17,12,0
v0,point,60,138,23,16,11,0
v0,point,60,139,22,16,11,0
v0,point,60,140,22,15,11,0
v0,point,60,141,21,15,10,0
v0,point,60,142,21,15,10,0
v0,point,60,143,21,14,9,0
v0,point,60,144,21,14,10,0
v0,point,60,145,20,14,10,0
v0,point,60,146,20,14,9,0
v0,point,60,147,20,14,9,0
v0,point,60,148,19,13,9,0
v0,point,60,149,18,12,8,0
v0,point,60,150,18,12,8,0
v0,point,60,151,17,12,8,0
v0,point,60,152,17,12,8,0
v0,point,60,153,17,12,8,0
v0,point,60,154,17,12,8,0
v0,point,60,155,16,11,7,0
v0,point,60,156,16,11,7,0
v0,point,60,157,16,11,7,0
v0,point,60,158,16,10,7,0
v0,point,60,159,15,10,6,0
v0,point,60,160,15,10,6,0
v0,point,60,161,15,10,6,0
v0,point,60,162,15,10,6,0
v0,point,60,163,13,9,5,0
v0,point,60,164,13,9,5,0
v0,point,60,165,14,9,6,0
v0,point,60,166,13,8,5,0
v0,point,60,167,13,9,5,0
v0,point,60,168,12,8,5,0
v0,point,60,169,12,8,5,0
v0,point,60,170,12,8,5,0
v0,point,60,171,12,8,5,0
v0,point,60,172,12,7,5,0
v0,point,60,173,11,7,5,0
v0,point,60,174,11,7,4,0
v0,point,60,175,10,7,4,0
v0,point,60,176,11,7,5,0
v0,point,60,177,10,6,4,0
v0,point,60,178,10,7,4,0
v0,point,60,179,10,6,4,0
v0,point,60,180,9,6,3,0
v0,point,60,181,10,6,4,0
v0,point,60,182,10,6,4,0
v0,point,60,183,9,5,3,0
v0,point,60,184,9,6,4,0
v0,point,60,185,9,6,4,0
v0,point,60,186,8,5,3,0
v0,point,60,187,9,5,3,0
v0,point,60,188,8,5,3,0
v0,point,60,189,8,5,3,0
v0,point,60,190,8,5,3,0
v0,point,60,191,7,4,2,0
v0,point,60,192,7,4,3,0
v0,point,60,193,8,5,3,0
v0,point,60,194,7,5,3,0
v0,point,60,195,7,4,2,0
v0,point,60,196,7,4,2,0
v0,point,60,197,7,4,2,0
v0,point,60,198,6,4,2,0
v0,point,60,199,6,4,2,0
v0,point,60,200,6,3,2,0
v0,point,60,201,6,4,2,0
v0,point,60,202,6,4,2,0
v0,point,60,203,6,3,2,0
v0,point,60,204,6,4,2,0
v0,point,60,205,6,3,2,0
v0,point,60,206,6,4,2,0
v0,point,60,207,6,3,2,0
v0,point,60,208,5,3,2,0
v0,point,60,209,5,3,2,0
v0,point,60,210,5,3,2,0
v0,point,60,211,5,3,1,0
v0,point,60,212,5,3,2,0
v0,point,60,213,5,3,1,0
v0,point,60,214,5,3,1,0
v0,point,60,215,4,2,1,0
v0,point,60,216,5,3,2,0
v0,point,60,217,4,2,1,0
v0,point,60,218,5,3,2,0
v0,point,60,219,4,2,1,0
v0,point,60,220,4,3,1,0
v0,point,60,221,4,2,1,0
v0,point,60,222,4,2,1,0
v0,point,60,223,4,2,1,0
v0,point,60,224,4,2,1,0
v0,point,60,225,3,2,1,0
v0,point,60,226,4,2,1,0
v0,point,60,227,4,2,1,0
v0,point,60,228,4,2,1,0
v0,point,60,229,3,2,1,0
v0,point,60,230,3,2,1,0
v0,point,60,231,4,2,1,0
v0,point,60,232,3,1,0,0
v0,point,60,233,4,2,1,0
v0,point,60,234,3,2,1,0
v0,point,60,235,3,2,1,0
v0,point,60,236,3,2,1,0
v0,point,60,237,3,2,1,0
v0,point,60,238,3,1,0,0
v0,point,60,239,3,2,1,0
v0,point,60,240,3,1,1,0
v0,point,60,241,3,2,1,0
v0,point,60,242,2,1,0,0
v0,point,60,243,2,1,0,0
v0,point,60,244,3,2,1,0
v0,point,60,245,3,1,1,0
v0,point,60,246,3,2,1,0
v0,point,60,247,2,1,1,0
v0,point,60,248,2,1,1,0
v0,point,60,249,2,1,0,0
v0,point,60,250,2,1,0,0
v0,point,60,251,2,1,1,0
v0,point,60,252,2,1,0,0
v0,point,60,253,2,1,0,0
v0,point,60,254,2,1,1,0
v0,point,60,255,2,1,1,0
v0,point,60,256,2,1,1,0
v0,point,60,257,2,1,1,0
v0,point,60,258,2,1,1,0
v0,point,60,259,2,1,0,0
v0,point,60,260,2,1,1,0
v0,point,60,261,2,1,0,0
v0,point,60,262,2,1,1,0
v0,point,60,263,1,0,0,0
v0,point,60,264,2,1,0,0
v0,point,60,265,2,1,1,0
v0,point,60,266,1,0,0,0
v0,point,60,267,2,1,0,0
v0,point,60,268,2,1,1,0
v0,point,60,269,2,1,1,0
v0,point,60,270,2,1,0,0
v0,point,60,271,2,1,1,0
v0,point,60,272,1,0,0,0
v0,point,60,273,1,0,0,0
v0,point,60,274,1,0,0,0
v0,point,60,275,0,0,0,0
v0,point,60,276,0,0,0,0
v0,point,60,277,0,0,0,0
v0,point,60,278,0,0,0,0
v0,point,60,279,0,0,0,0
v0,point,60,280,0,0,0,0
v0,point,60,281,0,0,0,0
v0,point,60,282,0,0,0,0
v0,point,60,283,0,0,0,0
v0,point,60,284,0,0,0,0
v0,point,60,285,0,0,0,0
v0,point,60,286,0,0,0,0
v0,point,60,287,0,0,0,0
v0,point,60,288,0,0,0,0
v0,point,60,289,0,0,0,0
v0,point,60,290,0,0,0,0
v0,point,60,291,0,0,0,0
v0,point,60,292,0,0,0,0
v0,point,60,293,0,0,0,0
v0,point,60,294,0,0,0,0
v0,point,60,295,0,0,0,0
v0,point,60,296,0,0,0,0
v0,point,60,297,0,0,0,0
v0,point,60,298,0,0,0,0
v0,point,60,299,0,0,0,0
v0,point,60,300,0,0,0,0
v0,point,60,301,0,0,0,0
v0,point,60,302,0,0,0,0
v0,point,60,303,0,0,0,0
v0,point,60,304,0,0,0,0
v0,point,60,305,0,0,0,0
v0,point,60,306,0,0,0,0
v0,point,60,307,0,0,0,0
v0,point,60,308,0,0,0,0
v0,point,60,309,0,0,0,0
v0,point,60,310,0,0,0,0
v0,point,60,311,0,0,0,0
v0,point,60,312,0,0,0,0
v0,point,60,313,0,0,0,0
v0,point,60,314,0,0,0,0
v0,point,60,315,0,0,0,0
v0,point,60,316,0,0,0,0
v0,point,60,317,0,0,0,0
v0,point,60,318,0,0,0,0
v0,point,60,319,0,0,0,0
v0,point,60,320,0,0,0,0
v0,point,60,321,0,0,0,0
v0,point,60,322,0,0,0,0
v0,point,60,323,0,0,0,0
v0,point,60,324,0,0,0,0
v0,point,60,325,0,0,0,0
v0,point,60,326,0,0,0,0
v0,point,60,327,0,0,0,0
v0,point,60,328,0,0,0,0
v0,point,60,329,0,0,0,0
v0,point,60,330,0,0,0,0
v0,point,60,331,0,0,0,0
v0,point,60,332,0,0,0,0
v0,point,60,333,0,0,0,0
v0,point,60,334,0,0,0,0
v0,point,60,335,0,0,0,0
v0,point,60,336,0,0,0,0
v0,point,60,337,0,0,0,0
v0,point,60,338,0,0,0,0
v0,point,60,339,0,0,0,0
v0,point,60,340,0,0,0,0
v0,point,60,341,0,0,0,0
v0,point,60,342,0,0,0,0
v0,point,60,343,0,0,0,0
v0,point,60,344,0,0,0,0
v0,point,60,345,0,0,0,0
v0,point,60,346,0,0,0,0
v0,point,60,347,0,0,0,0
v0,point,60,348,0,0,0,0
v0,point,60,349,0,0,0,0
v0,point,60,350,0,0,0,0
v0,point,60,351,0,0,0,0
v0,point,60,352,0,0,0,0
v0,point,60,353,0,0,0,0
v0,point,60,354,0,0,0,0
v0,point,60,355,0,0,0,0
v0,point,60,356,0,0,0,0
v0,point,60,357,0,0,0,0
v0,point,60,358,0,0,0,0
v0,point,60,359,0,0,0,0
v0,point,60,360,0,0,0,0
v0,point,60,361,0,0,0,0
v0,point,60,362,0,0,0,0
v0,point,60,363,0,0,0,0
v0,point,60,364,0,0,0,0
v0,point,60,365,0,0,0,0
v0,point,60,366,0,0,0,0
v0,point,60,367,0,0,0,0
v0,point,60,368,0,0,0,0
v0,point,60,369,0,0,0,0
v0,point,60,370,0,0,0,0
v0,point,60,371,0,0,0,0
v0,point,60,372,0,0,0,0
v0,point,60,373,0,0,0,0
v0,point,60,374,0,0,0,0
v0,point,60,375,0,0,0,0
v0,point,60,376,0,0,0,0
v0,point,60,377,0,0,0,0
v0,point,60,378,0,0,0,0
v0,point,60,379,0,0,0,0
v0,point,60,380,0,0,0,0
v0,point,60,381,0,0,0,0
v0,point,60,382,0,0,0,0
v0,point,60,383,0,0,0,0
v0,point,60,384,0,0,0,0
v0,point,60,385,0,0,0,0
v0,point,60,386,0,0,0,0
v0,point,60,387,0,0,0,0
v0,point,60,388,0,0,0,0
v0,point,60,389,0,0,0,0
v0,point,60,390,0,0,0,0
v0,point,60,391,0,0,0,0
v0,point,60,392,0,0,0,0
v0,point,60,393,0,0,0,0
v0,point,60,394,0,0,0,0
v0,point,60,395,0,0,0,0
v0,point,60,396,0,0,0,0
v0,point,60,397,0,0,0,0
v0,point,60,398,0,0,0,0
v0,point,60,399,0,0,0,0
v0,point,60,400,0,0,0,0
v0,point,60,401,0,0,0,0
v0,point,60,402,0,0,0,0
v0,point,60,403,0,0,0,0
v0,point,60,404,0,0,0,0
v0,point,60,405,0,0,0,0
v0,point,60,406,0,0,0,0
v0,point,60,407,0,0,0,0
v0,point,60,408,0,0,0,0
v0,point,60,409,0,0,0,0
v0,point,60,410,0,0,0,0
v0,point,60,411,0,0,0,0
v0,point,60,412,0,0,0,0
v0,point,60,413,0,0,0,0
v0,point,60,414,0,0,0,0
v0,point,60,415,0,0,0,0
v0,point,60,416,0,0,0,0
v0,point,60,417,0,0,0,0
v0,point,60,418,0,0,0,0
v0,point,60,419,0,0,0,0
v0,point,60,420,0,0,0,0
v0,point,60,421,0,0,0,0
v0,point,60,422,0,0,0,0
v0,point,60,423,0,0,0,0
v0,point,60,424,0,0,0,0
v0,point,60,425,0,0,0,0
v0,point,60,426,0,0,0,0
v0,point,60,427,0,0,0,0
v0,point,60,428,0,0,0,0
v0,point,60,429,0,0,0,0
v0,point,60,430,0,0,0,0
v0,point,60,431,0,0,0,0
v0,point,60,432,0,0,0,0
v0,point,60,433,0,0,0,0
v0,point,60,434,0,0,0,0
v0,point,60,435,0,0,0,0
v0,point,60,436,0,0,0,0
v0,point,60,437,0,0,0,0
v0,point,60,438,0,0,0,0
v0,point,60,439,0,0,0,0
v0,point,60,440,0,0,0,0
v0,point,60,441,0,0,0,0
v0,point,60,442,0,0,0,0
v0,point,60,443,0,0,0,0
v0,point,60,444,0,0,0,0
v0,point,60,445,0,0,0,0
v0,point,60,446,0,0,0,0
v0,point,60,447,0,0,0,0
v0,point,60,448,0,0,0,0
v0,point,60,449,0,0,0,0
v0,point,60,450,0,0,0,0
v0,point,60,451,0,0,0,0
v0,point,60,452,0,0,0,0
v0,point,60,453,0,0,0,0
v0,point,60,454,0,0,0,0
v0,point,60,455,0,0,0,0
v0,point,60,456,0,0,0,0
v0,point,60,457,0,0,0,0
v0,point,60,458,0,0,0,0
v0,point,60,459,0,0,0,0
v0,point,60,460,0,0,0,0
v0,point,60,461,0,0,0,0
v0,point,60,462,0,0,0,0
v0,point,60,463,0,0,0,0
v0,point,60,464,0,0,0,0
v0,point,60,465,0,0,0,0
v0,point,60,466,0,0,0,0
v0,point,60,467,0,0,0,0
v0,point,60,468,0,0,0,0
v0,point,60,469,0,0,0,0
v0,point,60,470,0,0,0,0
v0,point,60,471,0,0,0,0
v0,point,60,472,0,0,0,0
v0,point,60,473,0,0,0,0
v0,point,60,474,0,0,0,0
v0,point,60,475,0,0,0,0
v0,point,60,476,0,0,0,0
v0,point,60,477,0,0,0,0
v0,point,60,478,0,0,0,0
v0,point,60,479,0,0,0,0
v0,point,60,480,0,0,0,0
v0,point,60,481,0,0,0,0
v0,point,60,482,0,0,0,0
v0,point,60,483,0,0,0,0
v0,point,60,484,0,0,0,0
v0,point,60,485,0,0,0,0
v0,point,60,486,0,0,0,0
v0,point,60,487,0,0,0,0
v0,point,60,488,0,0,0,0
v0,point,60,489,0,0,0,0
v0,point,60,490,0,0,0,0
v0,point,60,491,0,0,0,0
v0,point,60,492,0,0,0,0
v0,point,60,493,0,0,0,0
v0,point,60,494,0,0,0,0
v0,point,60,495,0,0,0,0
v0,point,60,496,0,0,0,0
v0,point,60,497,0,0,0,0
v0,point,60,498,0,0,0,0
v0,point,60,499,0,0,0,0
v0,point,60,500,0,0,0,0
v0,point,60,501,0,0,0,0
v0,point,60,502,0,0,0,0
v0,point,60,503,0,0,0,0
v0,point,60,504,0,0,0,0
v0,point,60,505,0,0,0,0
v0,point,60,506,0,0,0,0
v0,point,60,507,0,0,0,0
v0,point,60,508,0,0,0,0
v0,point,60,509,0,0,0,0
v0,point,60,510,0,0,0,0
v0,point,60,511,0,0,0,0
v0,point,60,512,0,0,0,0
v0,point,60,513,0,0,0,0
v0,point,60,514,0,0,0,0
v0,point,60,515,0,0,0,0
v0,point,60,516,0,0,0,0
v0,point,60,517,0,0,0,0
v0,point,60,518,0,0,0,0
v0,point,60,519,0,0,0,0
v0,point,60,520,0,0,0,0
v0,point,60,521,0,0,0,0
v0,point,60,522,0,0,0,0
v0,point,60,523,0,0,0,0
v0,point,60,524,0,0,0,0
v0,point,60,525,0,0,0,0
v0,point,60,526,0,0,0,0
v0,point,60,527,0,0,0,0
v0,point,60,528,0,0,0,0
v0,point,60,529,0,0,0,0
v0,point,60,530,0,0,0,0
v0,point,60,531,0,0,0,0
v0,point,60,532,0,0,0,0
v0,point,60,533,0,0,0,0
v0,point,60,534,0,0,0,0
v0,point,60,535,0,0,0,0
v0,point,60,536,0,0,0,0
v0,point,60,537,0,0,0,0
v0,point,60,538,0,0,0,0
v0,point,60,539,0,0,0,0
v0,point,60,540,0,0,0,0
v0,point,60,541,0,0,0,0
v0,point,60,542,0,0,0,0
v0,point,60,543,0,0,0,0
v0,point,60,544,0,0,0,0
v0,point,60,545,0,0,0,0
v0,point,60,546,0,0,0,0
v0,point,60,547,0,0,0,0
v0,point,60,548,0,0,0,0
v0,point,60,549,0,0,0,0
v0,point,60,550,0,0,0,0
v0,point,60,551,0,0,0,0
v0,point,60,552,0,0,0,0
v0,point,60,553,0,0,0,0
v0,point,60,554,0,0,0,0
v0,point,60,555,0,0,0,0
v0,point,60,556,0,0,0,0
v0,point,60,557,0,0,0,0
v0,point,60,558,0,0,0,0
v0,point,60,559,0,0,0,0
v0,point,60,560,0,0,0,0
v0,point,60,561,0,0,0,0
v0,point,60,562,0,0,0,0
v0,point,60,563,0,0,0,0
v0,point,60,564,0,0,0,0
v0,point,60,565,0,0,0,0
v0,point,60,566,0,0,0,0
v0,point,60,567,0,0,0,0
v0,point,60,568,0,0,0,0
v0,point,60,569,0,0,0,0
v0,point,60,570,0,0,0,0
v0,point,60,571,0,0,0,0
v0,point,60,572,0,0,0,0
v0,point,60,573,0,0,0,0
v0,point,60,574,0,0,0,0
v0,point,60,575,0,0,0,0
v0,point,60,576,0,0,0,0
v0,point,60,577,0,0,0,0
v0,point,60,578,0,0,0,0
v0,point,60,579,0,0,0,0
v0,point,60,580,0,0,0,0
v0,point,60,581,0,0,0,0
v0,point,60,582,0,0,0,0
v0,point,60,583,0,0,0,0
v0,point,60,584,0,0,0,0
v0,point,60,585,0,0,0,0
v0,point,60,586,0,0,0,0
v0,point,60,587,0,0,0,0
v0,point,60,588,0,0,0,0
v0,point,60,589,0,0,0,0
v0,point,60,590,0,0,0,0
v0,point,60,591,0,0,0,0
v0,point,60,592,0,0,0,0
v0,point,60,593,0,0,0,0
v0,point,60,594,0,0,0,0
v0,point,60,595,0,0,0,0
v0,point,60,596,0,0,0,0
v0,point,60,597,0,0,0,0
v0,point,60,598,0,0,0,0
v0,point,60,599,0,0,0,0
v0,point,60,600,0,0,0,0
v0,point,60,601,0,0,0,0
v0,point,60,602,0,0,0,0
v0,point,60,603,0,0,0,0
v0,point,60,604,0,0,0,0
v0,point,60,605,0,0,0,0
v0,point,60,606,0,0,0,0
v0,point,60,607,0,0,0,0
v0,point,60,608,0,0,0,0
v0,point,60,609,0,0,0,0
v0,point,60,610,0,0,0,0
v0,point,60,611,0,0,0,0
v0,point,60,612,0,0,0,0
v0,point,60,613,0,0,0,0
v0,point,60,614,0,0,0,0
v0,point,60,615,0,0,0,0
v0,point,60,616,0,0,0,0
v0,point,60,617,0,0,0,0
v0,point,60,618,0,0,0,0
v0,point,60,619,0,0,0,0
v0,point,60,620,0,0,0,0
v0,point,60,621,0,0,0,0
v0,point,60,622,0,0,0,0
v0,point,60,623,0,0,0,0
v0,point,60,624,0,0,0,0
v0,point,60,625,0,0,0,0
v0,point,60,626,0,0,0,0
v0,point,60,627,0,0,0,0
v0,point,60,628,0,0,0,0
v0,point,60,629,0,0,0,0
v0,point,60,630,0,0,0,0
v0,point,60,631,0,0,0,0
v0,point,60,632,0,0,0,0
v0,point,60,633,0,0,0,0
v0,point,60,634,0,0,0,0
v0,point,60,635,0,0,0,0
v0,point,60,636,0,0,0,0
v0,point,60,637,0,0,0,0
v0,point,60,638,0,0,0,0
v0,point,60,639,0,0,0,0
v0,point,60,640,0,0,0,0
v0,point,60,641,0,0,0,0
v0,point,60,642,0,0,0,0
v0,point,60,643,0,0,0,0
v0,point,60,644,0,0,0,0
v0,point,60,645,0,0,0,0
v0,point,60,646,0,0,0,0
v0,point,60,647,0,0,0,0
v0,point,60,648,0,0,0,0
v0,point,60,649,0,0,0,0
v0,point,60,650,0,0,0,0
v0,point,60,651,0,0,0,0
v0,point,60,652,0,0,0,0
v0,point,60,653,0,0,0,0
v0,point,60,654,0,0,0,0
v0,point,60,655,0,0,0,0
v0,point,60,656,0,0,0,0
v0,point,60,657,0,0,0,0
v0,point,60,658,0,0,0,0
v0,point,60,659,0,0,0,0
v0,point,60,660,0,0,0,0
v0,point,60,661,0,0,0,0
v0,point,60,662,0,0,0,0
v0,point,60,663,0,0,0,0
v0,point,60,664,0,0,0,0
v0,point,60,665,0,0,0,0
v0,point,60,666,0,0,0,0
v0,point,60,667,0,0,0,0
v0,point,60,668,0,0,0,0
v0,point,60,669,0,0,0,0
v0,point,60,670,0,0,0,0
v0,point,60,671,0,0,0,0
v0,point,60,672,0,0,0,0
v0,point,60,673,0,0,0,0
v0,point,60,674,0,0,0,0
v0,point,60,675,0,0,0,0
v0,point,60,676,0,0,0,0
v0,point,60,677,0,0,0,0
v0,point,60,678,0,0,0,0
v0,point,60,679,0,0,0,0
v0,point,60,680,0,0,0,0
v0,point,60,681,0,0,0,0
v0,point,60,682,0,0,0,0
v0,point,60,683,0,0,0,0
v0,point,60,684,0,0,0,0
v0,point,60,685,0,0,0,0
v0,point,60,686,0,0,0,0
v0,point,60,687,0,0,0,0
v0,point,60,688,0,0,0,0
v0,point,60,689,0,0,0,0
v0,point,60,690,0,0,0,0
v0,point,60,691,0,0,0,0
v0,point,60,692,0,0,0,0
v0,point,60,693,0,0,0,0
v0,point,60,694,0,0,0,0
v0,point,60,695,0,0,0,0
v0,point,60,696,0,0,0,0
v0,point,60,697,0,0,0,0
v0,point,60,698,0,0,0,0
v0,point,60,699,0,0,0,0
v0,point,90,0,255,255,255,41
v0,point,90,1,255,255,255,41
v0,point,90,2,255,255,255,41
v0,point,90,3,255,255,255,6
v0,point,90,4,255,255,255,6
v0,point,90,5,255,255,255,6
v0,point,90,6,255,255,255,6
v0,point,90,7,255,255,255,6
v0,point,90,8,255,255,255,6
v0,point,90,9,255,255,255,6
v0,point,90,10,255,255,255,6
v0,point,90,11,255,255,255,6
v0,point,90,12,255,255,255,6
v0,point,90,13,255,255,255,6
v0,point,90,14,255,254,254,6
v0,point,90,15,254,254,254,6
v0,point,90,16,254,254,254,6
v0,point,90,17,254,254,253,6
v0,point,90,18,254,253,253,6
v0,point,90,19,254,253,252,6
v0,point,90,20,254,253,252,6
v0,point,90,21,253,252,251,6
v0,point,90,22,253,252,250,4
v0,point,90,23,253,251,249,4
v0,point,90,24,252,250,248,4
v0,point,90,25,251,249,246,4
v0,point,90,26,251,248,245,4
v0,point,90,27,251,248,244,4
v0,point,90,28,249,246,242,4
v0,point,90,29,249,246,241,4
v0,point,90,30,248,244,238,4
v0,point,90,31,247,243,237,0
v0,point,90,32,246,241,235,0
v0,point,90,33,245,239,232,0
v0,point,90,34,244,238,230,0
v0,point,90,35,243,236,227,0
v0,point,90,36,241,234,225,0
v0,point,90,37,240,232,222,0
v0,point,90,38,238,229,219,0
v0,point,90,39,237,228,216,0
v0,point,90,40,235,225,213,0
v0,point,90,41,233,223,210,0
v0,point,90,42,232,221,207,0
v0,point,90,43,230,218,204,0
v0,point,90,44,227,215,200,0
v0,point,90,45,225,212,197,0
v0,point,90,46,222,209,194,0
v0,point,90,47,221,207,191,0
v0,point,90,48,219,204,188,0
v0,point,90,49,216,201,184,0
v0,point,90,50,214,199,181,0
v0,point,90,51,212,196,178,0
v0,point,90,52,209,193,174,0
v0,point,90,53,206,189,170,0
v0,point,90,54,204,186,167,0
v0,point,90,55,202,184,164,0
v0,point,90,56,199,181,161,0
v0,point,90,57,196,177,157,0
v0,point,90,58,194,174,154,0
v0,point,90,59,191,171,151,0
v0,point,90,60,189,169,148,0
v0,point,90,61,185,165,144,0
v0,point,90,62,183,163,141,0
v0,point,90,63,180,159,138,0
v0,point,90,64,177,156,135,0
v0,point,90,65,175,154,132,0
v0,point,90,66,172,150,129,0
v0,point,90,67,169,148,126,0
v0,point,90,68,166,144,123,0
v0,point,90,69,164,142,120,0
v0,point,90,70,162,140,118,0
v0,point,90,71,159,136,115,0
v0,point,90,72,156,133,112,0
v0,point,90,73,154,131,110,0
v0,point,90,74,151,128,107,0
v0,point,90,75,148,126,105,0
v0,point,90,76,146,123,102,0
v0,point,90,77,144,121,100,0
v0,point,90,78,141,118,97,0
v0,point,90,79,139,116,95,0
v0,point,90,80,136,113,92,0
v0,point,90,81,133,111,90,0
v0,point,90,82,131,108,87,0
v0,point,90,83,129,106,86,0
v0,point,90,84,127,104,84,0
v0,point,90,85,124,102,82,0
v0,point,90,86,122,100,80,0
v0,point,90,87,120,98,78,0
v0,point,90,88,117,95,76,0
v0,point,90,89,115,93,74,0
v0,point,90,90,113,91,72,0
v0,point,90,91,111,89,70,0
v0,point,90,92,109,87,68,0
v0,point,90,93,106,85,66,0
v0,point,90,94,105,84,65,0
v0,point,90,95,102,81,63,0
v0,point,90,96,101,80,62,0
v0,point,90,97,99,78,60,0
v0,point,90,98,97,76,59,0
v0,point,90,99,95,75,57,0
v0,point,90,100,94,73,56,0
v0,point,90,101,91,71,54,0
v0,point,90,102,89,70,53,0
v0,point,90,103,88,68,52,0
v0,point,90,104,86,66,50,0
v0,point,90,105,85,65,49,0
v0,point,90,106,82,63,48,0
v0,point,90,107,81,62,47,0
v0,point,90,108,80,61,45,0
v0,point,90,109,78,60,44,0
v0,point,90,110,76,58,43,0
v0,point,90,111,75,57,42,0
v0,point,90,112,74,56,41,0
v0,point,90,113,72,55,40,0
v0,point,90,114,71,53,39,0
v0,point,90,115,69,52,38,0
v0,point,90,116,68,51,37,0
v0,point,90,117,66,49,36,0
v0,point,90,118,65,49,36,0
v0,point,90,119,64,47,34,0
v0,point,90,120,62,46,33,0
v0,point,90,121,61,45,33,0
v0,point,90,122,60,44,31,0
v0,point,90,123,59,44,31,0
v0,point,90,124,57,42,30,0
v0,point,90,125,57,41,30,0
v0,point,90,126,55,40,28,0
v0,point,90,127,54,39,28,0
v0,point,90,128,53,38,27,0
v0,point,90,129,52,38,27,0
v0,point,90,130,51,37,26,0
v0,point,90,131,50,36,25,0
v0,point,90,132,48,35,24,0
v0,point,90,133,48,34,24,0
v0,point,90,134,47,33,23,0
v0,point,90,135,46,33,23,0
v0,point,90,136,45,32,22,0
v0,point,90,137,44,31,22,0
v0,point,90,138,43,30,21,0
v0,point,90,139,42,30,20,0
v0,point,90,140,41,29,20,0
v0,point,90,141,40,28,19,0
v0,point,90,142,40,28,19,0
v0,point,90,143,39,27,18,0
v0,point,90,144,38,27,18,0
v0,point,90,145,38,26,18,0
v0,point,90,146,37,25,17,0
v0,point,90,147,36,25,17,0
v0,point,90,148,35,24,16,0
v0,point,90,149,34,23,16,0
v0,point,90,150,34,23,15,0
v0,point,90,151,33,22,14,0
v0,point,90,152,33,22,15,0
v0,point,90,153,32,22,14,0
v0,point,90,154,31,21,14,0
v0,point,90,155,30,20,13,0
v0,point,90,156,30,20,13,0
v0,point,90,157,29,20,13,0
v0,point,90,158,29,19,13,0
v0,point,90,159,28,18,12,0
v0,point,90,160,27,18,12,0
v0,point,90,161,27,18,12,0
v0,point,90,162,27,18,12,0
v0,point,90,163,25,17,10,0
v0,point,90,164,25,16,10,0
v0,point,90,165,25,17,11,0
v0,point,90,166,24,16,10,0
v0,point,90,167,24,16,10,0
v0,point,90,168,23,15,9,0
v0,point,90,169,23,15,9,0
v0,point,90,170,22,15,9,0
v0,point,90,171,22,14,9,0
v0,point,90,172,21,14,9,0
v0,point,90,173,21,14,9,0
v0,point,90,174,21,13,8,0
v0,point,90,175,20,13,8,0
v0,point,90,176,20,13,8,0
v0,point,90,177,19,12,7,0
v0,point,90,178,19,12,8,0
v0,point,90,179,18,11,7,0
v0,point,90,180,18,11,7,0
v0,point,90,181,18,11,7,0
v0,point,90,182,18,11,7,0
v0,point,90,183,17,10,6,0
v0,point,90,184,17,11,7,0
v0,point,90,185,17,11,6,0
v0,point,90,186,16,10,6,0
v0,point,90,187,16,10,6,0
v0,point,90,188,15,9,5,0
v0,point,90,189,15,9,6,0
v0,point,90,190,15,9,5,0
v0,point,90,191,14,8,5,0
v0,point,90,192,14,8,5,0
v0,point,90,193,14,9,5,0
v0,point,90,194,14,8,5,0
v0,point,90,195,13,8,4,0
v0,point,90,196,13,8,5,0
v0,point,90,197,13,7,4,0
v0,point,90,198,12,7,4,0
v0,point,90,199,12,7,4,0
v0,point,90,200,12,7,4,0
v0,point,90,201,12,7,4,0
v0,point,90,202,12,7,4,0
v0,point,90,203,11,6,3,0
v0,point,90,204,11,7,4,0
v0,point,90,205,11,6,4,0
v0,point,90,206,11,6,4,0
v0,point,90,207,11,6,4,0
v0,point,90,208,10,6,3,0
v0,point,90,209,10,6,3,0
v0,point,90,210,10,6,3,0
v0,point,90,211,9,5,3,0
v0,point,90,212,10,6,3,0
v0,point,90,213,9,5,3,0
v0,point,90,214,9,5,3,0
v0,point,90,215,8,5,2,0
v0,point,90,216,9,5,3,0
v0,point,90,217,8,4,2,0
v0,point,90,218,8,5,3,0
v0,point,90,219,8,5,2,0
v0,point,90,220,8,5,3,0
v0,point,90,221,7,4,2,0
v0,point,90,222,7,4,2,0
v0,point,90,223,7,4,2,0
v0,point,90,224,7,4,2,0
v0,point,90,225,7,4,2,0
v0,point,90,226,7,4,2,0
v0,point,90,227,7,4,2,0
v0,point,90,228,7,4,2,0
v0,point,90,229,6,3,2,0
v0,point,90,230,6,3,2,0
v0,point,90,231,7,4,2,0
v0,point,90,232,6,3,1,0
v0,point,90,233,6,4,2,0
v0,point,90,234,6,3,2,0
v0,point,90,235,6,3,2,0
v0,point,90,236,6,3,2,0
v0,point,90,237,6,4,2,0
v0,point,90,238,5,3,1,0
v0,point,90,239,5,3,1,0
v0,point,90,240,5,3,1,0
v0,point,90,241,6,3,2,0
v0,point,90,242,5,2,1,0
v0,point,90,243,5,2,1,0
v0,point,90,244,5,3,1,0
v0,point,90,245,5,3,1,0
v0,point,90,246,5,3,2,0
v0,point,90,247,5,2,1,0
v0,point,90,248,5,2,1,0
v0,point,90,249,4,2,1,0
v0,point,90,250,4,2,1,0
v0,point,90,251,4,2,1,0
v0,point,90,252,4,2,1,0
v0,point,90,253,4,2,1,0
v0,point,90,254,4,2,1,0
v0,point,90,255,4,2,1,0
v0,point,90,256,4,2,1,0
v0,point,90,257,4,2,1,0
v0,point,90,258,4,2,1,0
v0,point,90,259,3,2,1,0
v0,point,90,260,4,2,1,0
v0,point,90,261,3,2,1,0
v0,point,90,262,3,2,1,0
v0,point,90,263,3,1,0,0
v0,point,90,264,3,2,1,0
v0,point,90,265,4,2,1,0
v0,point,90,266,3,1,0,0
v0,point,90,267,3,1,1,0
v0,point,90,268,3,2,1,0
v0,point,90,269,3,2,1,0
v0,point,90,270,3,1,1,0
v0,point,90,271,3,2,1,0
v0,point,90,272,2,1,0,0
v0,point,90,273,2,1,0,0
v0,point,90,274,2,1,0,0
v0,point,90,275,2,1,0,0
v0,point,90,276,3,2,1,0
v0,point,90,277,3,2,1,0
v0,point,90,278,2,1,0,0
v0,point,90,279,2,1,1,0
v0,point,90,280,3,2,1,0
v0,point,90,281,2,1,0,0
v0,point,90,282,2,1,0,0
v0,point,90,283,2,1,0,0
v0,point,90,284,2,1,1,0
v0,point,90,285,2,1,0,0
v0,point,90,286,2,1,0,0
v0,point,90,287,2,1,1,0
v0,point,90,288,2,1,0,0
v0,point,90,289,2,1,1,0
v0,point,90,290,2,1,1,0
v0,point,90,291,2,1,0,0
v0,point,90,292,2,1,0,0
v0,point,90,293,2,1,0,0
v0,point,90,294,2,1,1,0
v0,point,90,295,2,1,1,0
v0,point,90,296,2,1,0,0
v0,point,90,297,2,1,0,0
v0,point,90,298,2,1,1,0
v0,point,90,299,2,1,0,0
v0,point,90,300,1,0,0,0
v0,point,90,301,2,1,0,0
v0,point,90,302,1,0,0,0
v0,point,90,303,2,1,1,0
v0,point,90,304,2,1,1,0
v0,point,90,305,0,0,0,0
v0,point,90,306,0,0,0,0
v0,point,90,307,0,0,0,0
v0,point,90,308,0,0,0,0
v0,point,90,309,0,0,0,0
v0,point,90,310,0,0,0,0
v0,point,90,311,0,0,0,0
v0,point,90,312,0,0,0,0
v0,point,90,313,0,0,0,0
v0,point,90,314,0,0,0,0
v0,point,90,315,0,0,0,0
v0,point,90,316,0,0,0,0
v0,point,90,317,0,0,0,0
v0,point,90,318,0,0,0,0
v0,point,90,319,0,0,0,0
v0,point,90,320,0,0,0,0
v0,point,90,321,0,0,0,0
v0,point,90,322,0,0,0,0
v0,point,90,323,0,0,0,0
v0,point,90,324,0,0,0,0
v0,point,90,325,0,0,0,0
v0,point,90,326,0,0,0,0
v0,point,90,327,0,0,0,0
v0,point,90,328,0,0,0,0
v0,point,90,329,0,0,0,0
v0,point,90,330,0,0,0,0
v0,point,90,331,0,0,0,0
v0,point,90,332,0,0,0,0
v0,point,90,333,0,0,0,0
v0,point,90,334,0,0,0,0
v0,point,90,335,0,0,0,0
v0,point,90,336,0,0,0,0
v0,point,90,337,0,0,0,0
v0,point,90,338,0,0,0,0
v0,point,90,339,0,0,0,0
v0,point,90,340,0,0,0,0
v0,point,90,341,0,0,0,0
v0,point,90,342,0,0,0,0
v0,point,90,343,0,0,0,0
v0,point,90,344,0,0,0,0
v0,point,90,345,0,0,0,0
v0,point,90,346,0,0,0,0
v0,point,90,347,0,0,0,0
v0,point,90,348,0,0,0,0
v0,point,90,349,0,0,0,0
v0,point,90,350,0,0,0,0
v0,point,90,351,0,0,0,0
v0,point,90,352,0,0,0,0
v0,point,90,353,0,0,0,0
v0,point,90,354,0,0,0,0
v0,point,90,355,0,0,0,0
v0,point,90,356,0,0,0,0
v0,point,90,357,0,0,0,0
v0,point,90,358,0,0,0,0
v0,point,90,359,0,0,0,0
v0,point,90,360,0,0,0,0
v0,point,90,361,0,0,0,0
v0,point,90,362,0,0,0,0
v0,point,90,363,0,0,0,0
v0,point,90,364,0,0,0,0
v0,point,90,365,0,0,0,0
v0,point,90,366,0,0,0,0
v0,point,90,367,0,0,0,0
v0,point,90,368,0,0,0,0
v0,point,90,369,0,0,0,0
v0,point,90,370,0,0,0,0
v0,point,90,371,0,0,0,0
v0,point,90,372,0,0,0,0
v0,point,90,373,0,0,0,0
v0,point,90,374,0,0,0,0
v0,point,90,375,0,0,0,0
v0,point,90,376,0,0,0,0
v0,point,90,377,0,0,0,0
v0,point,90,378,0,0,0,0
v0,point,90,379,0,0,0,0
v0,point,90,380,0,0,0,0
v0,point,90,381,0,0,0,0
v0,point,90,382,0,0,0,0
v0,point,90,383,0,0,0,0
v0,point,90,384,0,0,0,0
v0,point,90,385,0,0,0,0
v0,point,90,386,0,0,0,0
v0,point,90,387,0,0,0,0
v0,point,90,388,0,0,0,0
v0,point,90,389,0,0,0,0
v0,point,90,390,0,0,0,0
v0,point,90,391,0,0,0,0
v0,point,90,392,0,0,0,0
v0,point,90,393,0,0,0,0
v0,point,90,394,0,0,0,0
v0,point,90,395,0,0,0,0
v0,point,90,396,0,0,0,0
v0,point,90,397,0,0,0,0
v0,point,90,398,0,0,0,0
v0,point,90,399,0,0,0,0
v0,point,90,400,0,0,0,0
v0,point,90,401,0,0,0,0
v0,point,90,402,0,0,0,0
v0,point,90,403,0,0,0,0
v0,point,90,404,0,0,0,0
v0,point,90,405,0,0,0,0
v0,point,90,406,0,0,0,0
v0,point,90,407,0,0,0,0
v0,point,90,408,0,0,0,0
v0,point,90,409,0,0,0,0
v0,point,90,410,0,0,0,0
v0,point,90,411,0,0,0,0
v0,point,90,412,0,0,0,0
v0,point,90,413,0,0,0,0
v0,point,90,414,0,0,0,0
v0,point,90,415,0,0,0,0
v0,point,90,416,0,0,0,0
v0,point,90,417,0,0,0,0
v0,point,90,418,0,0,0,0
v0,point,90,419,0,0,0,0
v0,point,90,420,0,0,0,0
v0,point,90,421,0,0,0,0
v0,point,90,422,0,0,0,0
v0,point,90,423,0,0,0,0
v0,point,90,424,0,0,0,0
v0,point,90,425,0,0,0,0
v0,point,90,426,0,0,0,0
v0,point,90,427,0,0,0,0
v0,point,90,428,0,0,0,0
v0,point,90,429,0,0,0,0
v0,point,90,430,0,0,0,0
v0,point,90,431,0,0,0,0
v0,point,90,432,0,0,0,0
v0,point,90,433,0,0,0,0
v0,point,90,434,0,0,0,0
v0,point,90,435,0,0,0,0
v0,point,90,436,0,0,0,0
v0,point,90,437,0,0,0,0
v0,point,90,438,0,0,0,0
v0,point,90,439,0,0,0,0
v0,point,90,440,0,0,0,0
v0,point,90,441,0,0,0,0
v0,point,90,442,0,0,0,0
v0,point,90,443,0,0,0,0
v0,point,90,444,0,0,0,0
v0,point,90,445,0,0,0,0
v0,point,90,446,0,0,0,0
v0,point,90,447,0,0,0,0
v0,point,90,448,0,0,0,0
v0,point,90,449,0,0,0,0
v0,point,90,450,0,0,0,0
v0,point,90,451,0,0,0,0
v0,point,90,452,0,0,0,0
v0,point,90,453,0,0,0,0
v0,point,90,454,0,0,0,0
v0,point,90,455,0,0,0,0
v0,point,90,456,0,0,0,0
v0,point,90,457,0,0,0,0
v0,point,90,458,0,0,0,0
v0,point,90,459,0,0,0,0
v0,point,90,460,0,0,0,0
v0,point,90,461,0,0,0,0
v0,point,90,462,0,0,0,0
v0,point,90,463,0,0,0,0
v0,point,90,464,0,0,0,0
v0,point,90,465,0,0,0,0
v0,point,90,466,0,0,0,0
v0,point,90,467,0,0,0,0
v0,point,90,468,0,0,0,0
v0,point,90,469,0,0,0,0
v0,point,90,470,0,0,0,0
v0,point,90,471,0,0,0,0
v0,point,90,472,0,0,0,0
v0,point,90,473,0,0,0,0
v0,point,90,474,0,0,0,0
v0,point,90,475,0,0,0,0
v0,point,90,476,0,0,0,0
v0,point,90,477,0,0,0,0
v0,point,90,478,0,0,0,0
v0,point,90,479,0,0,0,0
v0,point,90,480,0,0,0,0
v0,point,90,481,0,0,0,0
v0,point,90,482,0,0,0,0
v0,point,90,483,0,0,0,0
v0,point,90,484,0,0,0,0
v0,point,90,485,0,0,0,0
v0,point,90,486,0,0,0,0
v0,point,90,487,0,0,0,0
v0,point,90,488,0,0,0,0
v0,point,90,489,0,0,0,0
v0,point,90,490,0,0,0,0
v0,point,90,491,0,0,0,0
v0,point,90,492,0,0,0,0
v0,point,90,493,0,0,0,0
v0,point,90,494,0,0,0,0
v0,point,90,495,0,0,0,0
v0,point,90,496,0,0,0,0
v0,point,90,497,0,0,0,0
v0,point,90,498,0,0,0,0
v0,point,90,499,0,0,0,0
v0,point,90,500,0,0,0,0
v0,point,90,501,0,0,0,0
v0,point,90,502,0,0,0,0
v0,point,90,503,0,0,0,0
v0,point,90,504,0,0,0,0
v0,point,90,505,0,0,0,0
v0,point,90,506,0,0,0,0
v0,point,90,507,0,0,0,0
v0,point,90,508,0,0,0,0
v0,point,90,509,0,0,0,0
v0,point,90,510,0,0,0,0
v0,point,90,511,0,0,0,0
v0,point,90,512,0,0,0,0
v0,point,90,513,0,0,0,0
v0,point,90,514,0,0,0,0
v0,point,90,515,0,0,0,0
v0,point,90,516,0,0,0,0
v0,point,90,517,0,0,0,0
v0,point,90,518,0,0,0,0
v0,point,90,519,0,0,0,0
v0,point,90,520,0,0,0,0
v0,point,90,521,0,0,0,0
v0,point,90,522,0,0,0,0
v0,point,90,523,0,0,0,0
v0,point,90,524,0,0,0,0
v0,point,90,525,0,0,0,0
v0,point,90,526,0,0,0,0
v0,point,90,527,0,0,0,0
v0,point,90,528,0,0,0,0
v0,point,90,529,0,0,0,0
v0,point,90,530,0,0,0,0
v0,point,90,531,0,0,0,0
v0,point,90,532,0,0,0,0
v0,point,90,533,0,0,0,0
v0,point,90,534,0,0,0,0
v0,point,90,535,0,0,0,0
v0,point,90,536,0,0,0,0
v0,point,90,537,0,0,0,0
v0,point,90,538,0,0,0,0
v0,point,90,539,0,0,0,0
v0,point,90,540,0,0,0,0
v0,point,90,541,0,0,0,0
v0,point,90,542,0,0,0,0
v0,point,90,543,0,0,0,0
v0,point,90,544,0,0,0,0
v0,point,90,545,0,0,0,0
v0,point,90,546,0,0,0,0
v0,point,90,547,0,0,0,0
v0,point,90,548,0,0,0,0
v0,point,90,549,0,0,0,0
v0,point,90,550,0,0,0,0
v0,point,90,551,0,0,0,0
v0,point,90,552,0,0,0,0
v0,point,90,553,0,0,0,0
v0,point,90,554,0,0,0,0
v0,point,90,555,0,0,0,0
v0,point,90,556,0,0,0,0
v0,point,90,557,0,0,0,0
v0,point,90,558,0,0,0,0
v0,point,90,559,0,0,0,0
v0,point,90,560,0,0,0,0
v0,point,90,561,0,0,0,0
v0,point,90,562,0,0,0,0
v0,point,90,563,0,0,0,0
v0,point,90,564,0,0,0,0
v0,point,90,565,0,0,0,0
v0,point,90,566,0,0,0,0
v0,point,90,567,0,0,0,0
v0,point,90,568,0,0,0,0
v0,point,90,569,0,0,0,0
v0,point,90,570,0,0,0,0
v0,point,90,571,0,0,0,0
v0,point,90,572,0,0,0,0
v0,point,90,573,0,0,0,0
v0,point,90,574,0,0,0,0
v0,point,90,575,0,0,0,0
v0,point,90,576,0,0,0,0
v0,point,90,577,0,0,0,0
v0,point,90,578,0,0,0,0
v0,point,90,579,0,0,0,0
v0,point,90,580,0,0,0,0
v0,point,90,581,0,0,0,0
v0,point,90,582,0,0,0,0
v0,point,90,583,0,0,0,0
v0,point,90,584,0,0,0,0
v0,point,90,585,0,0,0,0
v0,point,90,586,0,0,0,0
v0,point,90,587,0,0,0,0
v0,point,90,588,0,0,0,0
v0,point,90,589,0,0,0,0
v0,point,90,590,0,0,0,0
v0,point,90,591,0,0,0,0
v0,point,90,592,0,0,0,0
v0,point,90,593,0,0,0,0
v0,point,90,594,0,0,0,0
v0,point,90,595,0,0,0,0
v0,point,90,596,0,0,0,0
v0,point,90,597,0,0,0,0
v0,point,90,598,0,0,0,0
v0,point,90,599,0,0,0,0
v0,point,90,600,0,0,0,0
v0,point,90,601,0,0,0,0
v0,point,90,602,0,0,0,0
v0,point,90,603,0,0,0,0
v0,point,90,604,0,0,0,0
v0,point,90,605,0,0,0,0
v0,point,90,606,0,0,0,0
v0,point,90,607,0,0,0,0
v0,point,90,608,0,0,0,0
v0,point,90,609,0,0,0,0
v0,point,90,610,0,0,0,0
v0,point,90,611,0,0,0,0
v0,point,90,612,0,0,0,0
v0,point,90,613,0,0,0,0
v0,point,90,614,0,0,0,0
v0,point,90,615,0,0,0,0
v0,point,90,616,0,0,0,0
v0,point,90,617,0,0,0,0
v0,point,90,618,0,0,0,0
v0,point,90,619,0,0,0,0
v0,point,90,620,0,0,0,0
v0,point,90,621,0,0,0,0
v0,point,90,622,0,0,0,0
v0,point,90,623,0,0,0,0
v0,point,90,624,0,0,0,0
v0,point,90,625,0,0,0,0
v0,point,90,626,0,0,0,0
v0,point,90,627,0,0,0,0
v0,point,90,628,0,0,0,0
v0,point,90,629,0,0,0,0
v0,point,90,630,0,0,0,0
v0,point,90,631,0,0,0,0
v0,point,90,632,0,0,0,0
v0,point,90,633,0,0,0,0
v0,point,90,634,0,0,0,0
v0,point,90,635,0,0,0,0
v0,point,90,636,0,0,0,0
v0,point,90,637,0,0,0,0
v0,point,90,638,0,0,0,0
v0,point,90,639,0,0,0,0
v0,point,90,640,0,0,0,0
v0,point,90,641,0,0,0,0
v0,point,90,642,0,0,0,0
v0,point,90,643,0,0,0,0
v0,point,90,644,0,0,0,0
v0,point,90,645,0,0,0,0
v0,point,90,646,0,0,0,0
v0,point,90,647,0,0,0,0
v0,point,90,648,0,0,0,0
v0,point,90,649,0,0,0,0
v0,point,90,650,0,0,0,0
v0,point,90,651,0,0,0,0
v0,point,90,652,0,0,0,0
v0,point,90,653,0,0,0,0
v0,point,90,654,0,0,0,0
v0,point,90,655,0,0,0,0
v0,point,90,656,0,0,0,0
v0,point,90,657,0,0,0,0
v0,point,90,658,0,0,0,0
v0,point,90,659,0,0,0,0
v0,point,90,660,0,0,0,0
v0,point,90,661,0,0,0,0
v0,point,90,662,0,0,0,0
v0,point,90,663,0,0,0,0
v0,point,90,664,0,0,0,0
v0,point,90,665,0,0,0,0
v0,point,90,666,0,0,0,0
v0,point,90,667,0,0,0,0
v0,point,90,668,0,0,0,0
v0,point,90,669,0,0,0,0
v0,point,90,670,0,0,0,0
v0,point,90,671,0,0,0,0
v0,point,90,672,0,0,0,0
v0,point,90,673,0,0,0,0
v0,point,90,674,0,0,0,0
v0,point,90,675,0,0,0,0
v0,point,90,676,0,0,0,0
v0,point,90,677,0,0,0,0
v0,point,90,678,0,0,0,0
v0,point,90,679,0,0,0,0
v0,point,90,680,0,0,0,0
v0,point,90,681,0,0,0,0
v0,point,90,682,0,0,0,0
v0,point,90,683,0,0,0,0
v0,point,90,684,0,0,0,0
v0,point,90,685,0,0,0,0
v0,point,90,686,0,0,0,0
v0,point,90,687,0,0,0,0
v0,point,90,688,0,0,0,0
v0,point,90,689,0,0,0,0
v0,point,90,690,0,0,0,0
v0,point,90,691,0,0,0,0
v0,point,90,692,0,0,0,0
v0,point,90,693,0,0,0,0
v0,point,90,694,0,0,0,0
v0,point,90,695,0,0,0,0
v0,point,90,696,0,0,0,0
v0,point,90,697,0,0,0,0
v0,point,90,698,0,0,0,0
v0,point,90,699,0,0,0,0
v0,lamp,30,0,255,255,255,6
v0,lamp,30,1,255,255,255,6
v0,lamp,30,2,255,255,255,4
v0,lamp,30,3,205,205,204,0
v0,lamp,30,4,180,178,177,0
v0,lamp,30,5,176,175,173,0
v0,lamp,30,6,173,171,169,0
v0,lamp,30,7,170,167,165,0
v0,lamp,30,8,167,165,162,0
v0,lamp,30,9,164,161,158,0
v0,lamp,30,10,161,157,154,0
v0,lamp,30,11,158,155,151,0
v0,lamp,30,12,155,151,147,0
v0,lamp,30,13,153,148,144,0
v0,lamp,30,14,150,145,140,0
v0,lamp,30,15,147,142,137,0
v0,lamp,30,16,145,140,134,0
v0,lamp,30,17,142,137,131,0
v0,lamp,30,18,139,134,128,0
v0,lamp,30,19,137,132,126,0
v0,lamp,30,20,135,129,123,0
v0,lamp,30,21,132,126,120,0
v0,lamp,30,22,130,124,117,0
v0,lamp,30,23,128,121,115,0
v0,lamp,30,24,125,118,111,0
v0,lamp,30,25,123,116,109,0
v0,lamp,30,26,120,113,106,0
v0,lamp,30,27,119,111,104,0
v0,lamp,30,28,116,109,101,0
v0,lamp,30,29,114,107,99,0
v0,lamp,30,30,112,104,96,0
v0,lamp,30,31,110,102,95,0
v0,lamp,30,32,108,100,92,0
v0,lamp,30,33,105,97,89,0
v0,lamp,30,34,104,96,88,0
v0,lamp,30,35,102,94,85,0
v0,lamp,30,36,100,92,84,0
v0,lamp,30,37,98,90,81,0
v0,lamp,30,38,96,87,79,0
v0,lamp,30,39,94,86,77,0
v0,lamp,30,40,93,84,76,0
v0,lamp,30,41,90,82,73,0
v0,lamp,30,42,89,81,72,0
v0,lamp,30,43,87,79,70,0
v0,lamp,30,44,85,76,68,0
v0,lamp,30,45,83,74,66,0
v0,lamp,30,46,82,73,64,0
v0,lamp,30,47,81,72,63,0
v0,lamp,30,48,79,70,62,0
v0,lamp,30,49,77,68,59,0
v0,lamp,30,50,76,67,59,0
v0,lamp,30,51,75,66,57,0
v0,lamp,30,52,73,64,56,0
v0,lamp,30,53,71,62,54,0
v0,lamp,30,54,70,61,53,0
v0,lamp,30,55,69,60,52,0
v0,lamp,30,56,68,59,51,0
v0,lamp,30,57,65,57,48,0
v0,lamp,30,58,64,56,48,0
v0,lamp,30,59,63,54,46,0
v0,lamp,30,60,62,54,46,0
v0,lamp,30,61,60,52,44,0
v0,lamp,30,62,60,51,43,0
v0,lamp,30,63,58,50,42,0
v0,lamp,30,64,57,48,40,0
v0,lamp,30,65,56,48,40,0
v0,lamp,30,66,54,46,38,0
v0,lamp,30,67,53,45,38,0
v0,lamp,30,68,52,44,36,0
v0,lamp,30,69,51,43,36,0
v0,lamp,30,70,51,43,35,0
v0,lamp,30,71,49,41,34,0
v0,lamp,30,72,48,40,33,0
v0,lamp,30,73,48,40,33,0
v0,lamp,30,74,46,38,31,0
v0,lamp,30,75,46,38,31,0
v0,lamp,30,76,45,37,30,0
v0,lamp,30,77,44,36,29,0
v0,lamp,30,78,43,35,28,0
v0,lamp,30,79,42,35,28,0
v0,lamp,30,80,41,33,27,0
v0,lamp,30,81,40,33,26,0
v0,lamp,30,82,39,32,25,0
v0,lamp,30,83,39,31,25,0
v0,lamp,30,84,38,31,25,0
v0,lamp,30,85,37,30,24,0
v0,lamp,30,86,37,30,23,0
v0,lamp,30,87,36,29,23,0
v0,lamp,30,88,35,28,22,0
v0,lamp,30,89,34,27,21,0
v0,lamp,30,90,33,27,21,0
v0,lamp,30,91,32,26,20,0
v0,lamp,30,92,32,25,20,0
v0,lamp,30,93,31,24,19,0
v0,lamp,30,94,31,24,19,0
v0,lamp,30,95,30,23,18,0
v0,lamp,30,96,30,23,18,0
v0,lamp,30,97,29,23,17,0
v0,lamp,30,98,28,22,17,0
v0,lamp,30,99,28,22,17,0
v0,lamp,30,100,28,22,17,0
v0,lamp,30,101,27,21,16,0
v0,lamp,30,102,26,20,15,0
v0,lamp,30,103,26,20,15,0
v0,lamp,30,104,25,19,14,0
v0,lamp,30,105,25,19,14,0
v0,lamp,30,106,24,18,13,0
v0,lamp,30,107,24,18,14,0
v0,lamp,30,108,23,17,13,0
v0,lamp,30,109,23,17,13,0
v0,lamp,30,110,22,16,12,0
v0,lamp,30,111,22,16,12,0
v0,lamp,30,112,22,16,12,0
v0,lamp,30,113,21,16,12,0
v0,lamp,30,114,21,15,11,0
v0,lamp,30,115,20,15,11,0
v0,lamp,30,116,20,15,11,0
v0,lamp,30,117,19,14,10,0
v0,lamp,30,118,19,14,10,0
v0,lamp,30,119,18,14,10,0
v0,lamp,30,120,18,13,9,0
v0,lamp,30,121,18,13,9,0
v0,lamp,30,122,17,12,9,0
v0,lamp,30,123,17,13,9,0
v0,lamp,30,124,16,12,8,0
v0,lamp,30,125,16,12,9,0
v0,lamp,30,126,16,11,8,0
v0,lamp,30,127,16,11,8,0
v0,lamp,30,128,15,11,8,0
v0,lamp,30,129,15,11,8,0
v0,lamp,30,130,15,11,7,0
v0,lamp,30,131,14,10,7,0
v0,lamp,30,132,14,10,7,0
v0,lamp,30,133,14,10,7,0
v0,lamp,30,134,13,9,6,0
v0,lamp,30,135,13,9,6,0
v0,lamp,30,136,13,9,7,0
v0,lamp,30,137,13,9,6,0
v0,lamp,30,138,12,8,6,0
v0,lamp,30,139,12,8,6,0
v0,lamp,30,140,12,8,6,0
v0,lamp,30,141,11,8,5,0
v0,lamp,30,142,11,8,5,0
v0,lamp,30,143,11,7,5,0
v0,lamp,30,144,11,8,5,0
v0,lamp,30,145,11,8,5,0
v0,lamp,30,146,11,7,5,0
v0,lamp,30,147,11,7,5,0
v0,lamp,30,148,10,7,5,0
v0,lamp,30,149,10,7,4,0
v0,lamp,30,150,9,6,4,0
v0,lamp,30,151,9,6,4,0
v0,lamp,30,152,9,6,4,0
v0,lamp,30,153,9,6,4,0
v0,lamp,30,154,9,6,4,0
v0,lamp,30,155,8,6,4,0
v0,lamp,30,156,8,6,4,0
v0,lamp,30,157,8,6,4,0
v0,lamp,30,158,8,6,4,0
v0,lamp,30,159,8,5,3,0
v0,lamp,30,160,8,5,3,0
v0,lamp,30,161,8,5,4,0
v0,lamp,30,162,8,5,4,0
v0,lamp,30,163,7,4,3,0
v0,lamp,30,164,7,5,3,0
v0,lamp,30,165,7,5,3,0
v0,lamp,30,166,7,4,3,0
v0,lamp,30,167,7,5,3,0
v0,lamp,30,168,6,4,2,0
v0,lamp,30,169,6,4,3,0
v0,lamp,30,170,6,4,3,0
v0,lamp,30,171,6,4,3,0
v0,lamp,30,172,6,4,3,0
v0,lamp,30,173,6,4,3,0
v0,lamp,30,174,6,4,2,0
v0,lamp,30,175,5,3,2,0
v0,lamp,30,176,6,4,3,0
v0,lamp,30,177,5,3,2,0
v0,lamp,30,178,6,4,2,0
v0,lamp,30,179,5,3,2,0
v0,lamp,30,180,5,3,2,0
v0,lamp,30,181,5,3,2,0
v0,lamp,30,182,5,3,2,0
v0,lamp,30,183,4,3,1,0
v0,lamp,30,184,5,3,2,0
v0,lamp,30,185,5,3,2,0
v0,lamp,30,186,4,3,2,0
v0,lamp,30,187,5,3,2,0
v0,lamp,30,188,4,2,1,0
v0,lamp,30,189,4,3,2,0
v0,lamp,30,190,4,3,2,0
v0,lamp,30,191,4,2,1,0
v0,lamp,30,192,4,2,1,0
v0,lamp,30,193,4,3,2,0
v0,lamp,30,194,4,3,2,0
v0,lamp,30,195,3,2,1,0
v0,lamp,30,196,4,2,1,0
v0,lamp,30,197,3,2,1,0
v0,lamp,30,198,3,2,1,0
v0,lamp,30,199,3,2,1,0
v0,lamp,30,200,3,2,1,0
v0,lamp,30,201,4,2,1,0
v0,lamp,30,202,3,2,1,0
v0,lamp,30,203,3,2,1,0
v0,lamp,30,204,4,2,1,0
v0,lamp,30,205,3,2,1,0
v0,lamp,30,206,3,2,1,0
v0,lamp,30,207,3,2,1,0
v0,lamp,30,208,3,1,1,0
v0,lamp,30,209,3,2,1,0
v0,lamp,30,210,3,2,1,0
v0,lamp,30,211,2,1,1,0
v0,lamp,30,212,3,2,1,0
v0,lamp,30,213,2,1,1,0
v0,lamp,30,214,2,1,1,0
v0,lamp,30,215,2,1,0,0
v0,lamp,30,216,3,2,1,0
v0,lamp,30,217,2,1,0,0
v0,lamp,30,218,2,1,1,0
v0,lamp,30,219,2,1,1,0
v0,lamp,30,220,2,1,1,0
v0,lamp,30,221,2,1,0,0
v0,lamp,30,222,2,1,1,0
v0,lamp,30,223,2,1,1,0
v0,lamp,30,224,2,1,1,0
v0,lamp,30,225,2,1,0,0
v0,lamp,30,226,2,1,1,0
v0,lamp,30,227,2,1,0,0
v0,lamp,30,228,2,1,1,0
v0,lamp,30,229,1,1,0,0
v0,lamp,30,230,2,1,0,0
v0,lamp,30,231,2,1,1,0
v0,lamp,30,232,1,0,0,0
v0,lamp,30,233,2,1,1,0
v0,lamp,30,234,2,1,1,0
v0,lamp,30,235,2,1,1,0
v0,lamp,30,236,1,1,0,0
v0,lamp,30,237,2,1,1,0
v0,lamp,30,238,1,0,0,0
v0,lamp,30,239,1,1,0,0
v0,lamp,30,240,1,1,0,0
v0,lamp,30,241,2,1,1,0
v0,lamp,30,242,1,1,0,0
v0,lamp,30,243,1,0,0,0
v0,lamp,30,244,2,1,1,0
v0,lamp,30,245,0,0,0,0
v0,lamp,30,246,0,0,0,0
v0,lamp,30,247,0,0,0,0
v0,lamp,30,248,0,0,0,0
v0,lamp,30,249,0,0,0,0
v0,lamp,30,250,0,0,0,0
v0,lamp,30,251,0,0,0,0
v0,lamp,30,252,0,0,0,0
v0,lamp,30,253,0,0,0,0
v0,lamp,30,254,0,0,0,0
v0,lamp,30,255,0,0,0,0
v0,lamp,30,256,0,0,0,0
v0,lamp,30,257,0,0,0,0
v0,lamp,30,258,0,0,0,0
v0,lamp,30,259,0,0,0,0
v0,lamp,30,260,0,0,0,0
v0,lamp,30,261,0,0,0,0
v0,lamp,30,262,0,0,0,0
v0,lamp,30,263,0,0,0,0
v0,lamp,30,264,0,0,0,0
v0,lamp,30,265,0,0,0,0
v0,lamp,30,266,0,0,0,0
v0,lamp,30,267,0,0,0,0
v0,lamp,30,268,0,0,0,0
v0,lamp,30,269,0,0,0,0
v0,lamp,30,270,0,0,0,0
v0,lamp,30,271,0,0,0,0
v0,lamp,30,272,0,0,0,0
v0,lamp,30,273,0,0,0,0
v0,lamp,30,274,0,0,0,0
v0,lamp,30,275,0,0,0,0
v0,lamp,30,276,0,0,0,0
v0,lamp,30,277,0,0,0,0
v0,lamp,30,278,0,0,0,0
v0,lamp,30,279,0,0,0,0
v0,lamp,30,280,0,0,0,0
v0,lamp,30,281,0,0,0,0
v0,lamp,30,282,0,0,0,0
v0,lamp,30,283,0,0,0,0
v0,lamp,30,284,0,0,0,0
v0,lamp,30,285,0,0,0,0
v0,lamp,30,286,0,0,0,0
v0,lamp,30,287,0,0,0,0
v0,lamp,30,288,0,0,0,0
v0,lamp,30,289,0,0,0,0
v0,lamp,30,290,0,0,0,0
v0,lamp,30,291,0,0,0,0
v0,lamp,30,292,0,0,0,0
v0,lamp,30,293,0,0,0,0
v0,lamp,30,294,0,0,0,0
v0,lamp,30,295,0,0,0,0
v0,lamp,30,296,0,0,0,0
v0,lamp,30,297,0,0,0,0
v0,lamp,30,298,0,0,0,0
v0,lamp,30,299,0,0,0,0
v0,lamp,30,300,0,0,0,0
v0,lamp,30,301,0,0,0,0
v0,lamp,30,302,0,0,0,0
v0,lamp,30,303,0,0,0,0
v0,lamp,30,304,0,0,0,0
v0,lamp,30,305,0,0,0,0
v0,lamp,30,306,0,0,0,0
v0,lamp,30,307,0,0,0,0
v0,lamp,30,308,0,0,0,0
v0,lamp,30,309,0,0,0,0
v0,lamp,30,310,0,0,0,0
v0,lamp,30,311,0,0,0,0
v0,lamp,30,312,0,0,0,0
v0,lamp,30,313,0,0,0,0
v0,lamp,30,314,0,0,0,0
v0,lamp,30,315,0,0,0,0
v0,lamp,30,316,0,0,0,0
v0,lamp,30,317,0,0,0,0
v0,lamp,30,318,0,0,0,0
v0,lamp,30,319,0,0,0,0
v0,lamp,30,320,0,0,0,0
v0,lamp,30,321,0,0,0,0
v0,lamp,30,322,0,0,0,0
v0,lamp,30,323,0,0,0,0
v0,lamp,30,324,0,0,0,0
v0,lamp,30,325,0,0,0,0
v0,lamp,30,326,0,0,0,0
v0,lamp,30,327,0,0,0,0
v0,lamp,30,328,0,0,0,0
v0,lamp,30,329,0,0,0,0
v0,lamp,30,330,0,0,0,0
v0,lamp,30,331,0,0,0,0
v0,lamp,30,332,0,0,0,0
v0,lamp,30,333,0,0,0,0
v0,lamp,30,334,0,0,0,0
v0,lamp,30,335,0,0,0,0
v0,lamp,30,336,0,0,0,0
v0,lamp,30,337,0,0,0,0
v0,lamp,30,338,0,0,0,0
v0,lamp,30,339,0,0,0,0
v0,lamp,30,340,0,0,0,0
v0,lamp,30,341,0,0,0,0
v0,lamp,30,342,0,0,0,0
v0,lamp,30,343,0,0,0,0
v0,lamp,30,344,0,0,0,0
v0,lamp,30,345,0,0,0,0
v0,lamp,30,346,0,0,0,0
v0,lamp,30,347,0,0,0,0
v0,lamp,30,348,0,0,0,0
v0,lamp,30,349,0,0,0,0
v0,lamp,30,350,0,0,0,0
v0,lamp,30,351,0,0,0,0
v0,lamp,30,352,0,0,0,0
v0,lamp,30,353,0,0,0,0
v0,lamp,30,354,0,0,0,0
v0,lamp,30,355,0,0,0,0
v0,lamp,30,356,0,0,0,0
v0,lamp,30,357,0,0,0,0
v0,lamp,30,358,0,0,0,0
v0,lamp,30,359,0,0,0,0
v0,lamp,30,360,0,0,0,0
v0,lamp,30,361,0,0,0,0
v0,lamp,30,362,0,0,0,0
v0,lamp,30,363,0,0,0,0
v0,lamp,30,364,0,0,0,0
v0,lamp,30,365,0,0,0,0
v0,lamp,30,366,0,0,0,0
v0,lamp,30,367,0,0,0,0
v0,lamp,30,368,0,0,0,0
v0,lamp,30,369,0,0,0,0
v0,lamp,30,370,0,0,0,0
v0,lamp,30,371,0,0,0,0
v0,lamp,30,372,0,0,0,0
v0,lamp,30,373,0,0,0,0
v0,lamp,30,374,0,0,0,0
v0,lamp,30,375,0,0,0,0
v0,lamp,30,376,0,0,0,0
v0,lamp,30,377,0,0,0,0
v0,lamp,30,378,0,0,0,0
v0,lamp,30,379,0,0,0,0
v0,lamp,30,380,0,0,0,0
v0,lamp,30,381,0,0,0,0
v0,lamp,30,382,0,0,0,0
v0,lamp,30,383,0,0,0,0
v0,lamp,30,384,0,0,0,0
v0,lamp,30,385,0,0,0,0
v0,lamp,30,386,0,0,0,0
v0,lamp,30,387,0,0,0,0
v0,lamp,30,388,0,0,0,0
v0,lamp,30,389,0,0,0,0
v0,lamp,30,390,0,0,0,0
v0,lamp,30,391,0,0,0,0
v0,lamp,30,392,0,0,0,0
v0,lamp,30,393,0,0,0,0
v0,lamp,30,394,0,0,0,0
v0,lamp,30,395,0,0,0,0
v0,lamp,30,396,0,0,0,0
v0,lamp,30,397,0,0,0,0
v0,lamp,30,398,0,0,0,0
v0,lamp,30,399,0,0,0,0
v0,lamp,30,400,0,0,0,0
v0,lamp,30,401,0,0,0,0
v0,lamp,30,402,0,0,0,0
v0,lamp,30,403,0,0,0,0
v0,lamp,30,404,0,0,0,0
v0,lamp,30,405,0,0,0,0
v0,lamp,30,406,0,0,0,0
v0,lamp,30,407,0,0,0,0
v0,lamp,30,408,0,0,0,0
v0,lamp,30,409,0,0,0,0
v0,lamp,30,410,0,0,0,0
v0,lamp,30,411,0,0,0,0
v0,lamp,30,412,0,0,0,0
v0,lamp,30,413,0,0,0,0
v0,lamp,30,414,0,0,0,0
v0,lamp,30,415,0,0,0,0
v0,lamp,30,416,0,0,0,0
v0,lamp,30,417,0,0,0,0
v0,lamp,30,418,0,0,0,0
v0,lamp,30,419,0,0,0,0
v0,lamp,30,420,0,0,0,0
v0,lamp,30,421,0,0,0,0
v0,lamp,30,422,0,0,0,0
v0,lamp,30,423,0,0,0,0
v0,lamp,30,424,0,0,0,0
v0,lamp,30,425,0,0,0,0
v0,lamp,30,426,0,0,0,0
v0,lamp,30,427,0,0,0,0
v0,lamp,30,428,0,0,0,0
v0,lamp,30,429,0,0,0,0
v0,lamp,30,430,0,0,0,0
v0,lamp,30,431,0,0,0,0
v0,lamp,30,432,0,0,0,0
v0,lamp,30,433,0,0,0,0
v0,lamp,30,434,0,0,0,0
v0,lamp,30,435,0,0,0,0
v0,lamp,30,436,0,0,0,0
v0,lamp,30,437,0,0,0,0
v0,lamp,30,438,0,0,0,0
v0,lamp,30,439,0,0,0,0
v0,lamp,30,440,0,0,0,0
v0,lamp,30,441,0,0,0,0
v0,lamp,30,442,0,0,0,0
v0,lamp,30,443,0,0,0,0
v0,lamp,30,444,0,0,0,0
v0,lamp,30,445,0,0,0,0
v0,lamp,30,446,0,0,0,0
v0,lamp,30,447,0,0,0,0
v0,lamp,30,448,0,0,0,0
v0,lamp,30,449,0,0,0,0
v0,lamp,30,450,0,0,0,0
v0,lamp,30,451,0,0,0,0
v0,lamp,30,452,0,0,0,0
v0,lamp,30,453,0,0,0,0
v0,lamp,30,454,0,0,0,0
v0,lamp,30,455,0,0,0,0
v0,lamp,30,456,0,0,0,0
v0,lamp,30,457,0,0,0,0
v0,lamp,30,458,0,0,0,0
v0,lamp,30,459,0,0,0,0
v0,lamp,30,460,0,0,0,0
v0,lamp,30,461,0,0,0,0
v0,lamp,30,462,0,0,0,0
v0,lamp,30,463,0,0,0,0
v0,lamp,30,464,0,0,0,0
v0,lamp,30,465,0,0,0,0
v0,lamp,30,466,0,0,0,0
v0,lamp,30,467,0,0,0,0
v0,lamp,30,468,0,0,0,0
v0,lamp,30,469,0,0,0,0
v0,lamp,30,470,0,0,0,0
v0,lamp,30,471,0,0,0,0
v0,lamp,30,472,0,0,0,0
v0,lamp,30,473,0,0,0,0
v0,lamp,30,474,0,0,0,0
v0,lamp,30,475,0,0,0,0
v0,lamp,30,476,0,0,0,0
v0,lamp,30,477,0,0,0,0
v0,lamp,30,478,0,0,0,0
v0,lamp,30,479,0,0,0,0
v0,lamp,30,480,0,0,0,0
v0,lamp,30,481,0,0,0,0
v0,lamp,30,482,0,0,0,0
v0,lamp,30,483,0,0,0,0
v0,lamp,30,484,0,0,0,0
v0,lamp,30,485,0,0,0,0
v0,lamp,30,486,0,0,0,0
v0,lamp,30,487,0,0,0,0
v0,lamp,30,488,0,0,0,0
v0,lamp,30,489,0,0,0,0
v0,lamp,30,490,0,0,0,0
v0,lamp,30,491,0,0,0,0
v0,lamp,30,492,0,0,0,0
v0,lamp,30,493,0,0,0,0
v0,lamp,30,494,0,0,0,0
v0,lamp,30,495,0,0,0,0
v0,lamp,30,496,0,0,0,0
v0,lamp,30,497,0,0,0,0
v0,lamp,30,498,0,0,0,0
v0,lamp,30,499,0,0,0,0
v0,lamp,30,500,0,0,0,0
v0,lamp,30,501,0,0,0,0
v0,lamp,30,502,0,0,0,0
v0,lamp,30,503,0,0,0,0
v0,lamp,30,504,0,0,0,0
v0,lamp,30,505,0,0,0,0
v0,lamp,30,506,0,0,0,0
v0,lamp,30,507,0,0,0,0
v0,lamp,30,508,0,0,0,0
v0,lamp,30,509,0,0,0,0
v0,lamp,30,510,0,0,0,0
v0,lamp,30,511,0,0,0,0
v0,lamp,30,512,0,0,0,0
v0,lamp,30,513,0,0,0,0
v0,lamp,30,514,0,0,0,0
v0,lamp,30,515,0,0,0,0
v0,lamp,30,516,0,0,0,0
v0,lamp,30,517,0,0,0,0
v0,lamp,30,518,0,0,0,0
v0,lamp,30,519,0,0,0,0
v0,lamp,30,520,0,0,0,0
v0,lamp,30,521,0,0,0,0
v0,lamp,30,522,0,0,0,0
v0,lamp,30,523,0,0,0,0
v0,lamp,30,524,0,0,0,0
v0,lamp,30,525,0,0,0,0
v0,lamp,30,526,0,0,0,0
v0,lamp,30,527,0,0,0,0
v0,lamp,30,528,0,0,0,0
v0,lamp,30,529,0,0,0,0
v0,lamp,30,530,0,0,0,0
v0,lamp,30,531,0,0,0,0
v0,lamp,30,532,0,0,0,0
v0,lamp,30,533,0,0,0,0
v0,lamp,30,534,0,0,0,0
v0,lamp,30,535,0,0,0,0
v0,lamp,30,536,0,0,0,0
v0,lamp,30,537,0,0,0,0
v0,lamp,30,538,0,0,0,0
v0,lamp,30,539,0,0,0,0
v0,lamp,30,540,0,0,0,0
v0,lamp,30,541,0,0,0,0
v0,lamp,30,542,0,0,0,0
v0,lamp,30,543,0,0,0,0
v0,lamp,30,544,0,0,0,0
v0,lamp,30,545,0,0,0,0
v0,lamp,30,546,0,0,0,0
v0,lamp,30,547,0,0,0,0
v0,lamp,30,548,0,0,0,0
v0,lamp,30,549,0,0,0,0
v0,lamp,30,550,0,0,0,0
v0,lamp,30,551,0,0,0,0
v0,lamp,30,552,0,0,0,0
v0,lamp,30,553,0,0,0,0
v0,lamp,30,554,0,0,0,0
v0,lamp,30,555,0,0,0,0
v0,lamp,30,556,0,0,0,0
v0,lamp,30,557,0,0,0,0
v0,lamp,30,558,0,0,0,0
v0,lamp,30,559,0,0,0,0
v0,lamp,30,560,0,0,0,0
v0,lamp,30,561,0,0,0,0
v0,lamp,30,562,0,0,0,0
v0,lamp,30,563,0,0,0,0
v0,lamp,30,564,0,0,0,0
v0,lamp,30,565,0,0,0,0
v0,lamp,30,566,0,0,0,0
v0,lamp,30,567,0,0,0,0
v0,lamp,30,568,0,0,0,0
v0,lamp,30,569,0,0,0,0
v0,lamp,30,570,0,0,0,0
v0,lamp,30,571,0,0,0,0
v0,lamp,30,572,0,0,0,0
v0,lamp,30,573,0,0,0,0
v0,lamp,30,574,0,0,0,0
v0,lamp,30,575,0,0,0,0
v0,lamp,30,576,0,0,0,0
v0,lamp,30,577,0,0,0,0
v0,lamp,30,578,0,0,0,0
v0,lamp,30,579,0,0,0,0
v0,lamp,30,580,0,0,0,0
v0,lamp,30,581,0,0,0,0
v0,lamp,30,582,0,0,0,0
v0,lamp,30,583,0,0,0,0
v0,lamp,30,584,0,0,0,0
v0,lamp,30,585,0,0,0,0
v0,lamp,30,586,0,0,0,0
v0,lamp,30,587,0,0,0,0
v0,lamp,30,588,0,0,0,0
v0,lamp,30,589,0,0,0,0
v0,lamp,30,590,0,0,0,0
v0,lamp,30,591,0,0,0,0
v0,lamp,30,592,0,0,0,0
v0,lamp,30,593,0,0,0,0
v0,lamp,30,594,0,0,0,0
v0,lamp,30,595,0,0,0,0
v0,lamp,30,596,0,0,0,0
v0,lamp,30,597,0,0,0,0
v0,lamp,30,598,0,0,0,0
v0,lamp,30,599,0,0,0,0
v0,lamp,30,600,0,0,0,0
v0,lamp,30,601,0,0,0,0
v0,lamp,30,602,0,0,0,0
v0,lamp,30,603,0,0,0,0
v0,lamp,30,604,0,0,0,0
v0,lamp,30,605,0,0,0,0
v0,lamp,30,606,0,0,0,0
v0,lamp,30,607,0,0,0,0
v0,lamp,30,608,0,0,0,0
v0,lamp,30,609,0,0,0,0
v0,lamp,30,610,0,0,0,0
v0,lamp,30,611,0,0,0,0
v0,lamp,30,612,0,0,0,0
v0,lamp,30,613,0,0,0,0
v0,lamp,30,614,0,0,0,0
v0,lamp,30,615,0,0,0,0
v0,lamp,30,616,0,0,0,0
v0,lamp,30,617,0,0,0,0
v0,lamp,30,618,0,0,0,0
v0,lamp,30,619,0,0,0,0
v0,lamp,30,620,0,0,0,0
v0,lamp,30,621,0,0,0,0
v0,lamp,30,622,0,0,0,0
v0,lamp,30,623,0,0,0,0
v0,lamp,30,624,0,0,0,0
v0,lamp,30,625,0,0,0,0
v0,lamp,30,626,0,0,0,0
v0,lamp,30,627,0,0,0,0
v0,lamp,30,628,0,0,0,0
v0,lamp,30,629,0,0,0,0
v0,lamp,30,630,0,0,0,0
v0,lamp,30,631,0,0,0,0
v0,lamp,30,632,0,0,0,0
v0,lamp,30,633,0,0,0,0
v0,lamp,30,634,0,0,0,0
v0,lamp,30,635,0,0,0,0
v0,lamp,30,636,0,0,0,0
v0,lamp,30,637,0,0,0,0
v0,lamp,30,638,0,0,0,0
v0,lamp,30,639,0,0,0,0
v0,lamp,30,640,0,0,0,0
v0,lamp,30,641,0,0,0,0
v0,lamp,30,642,0,0,0,0
v0,lamp,30,643,0,0,0,0
v0,lamp,30,644,0,0,0,0
v0,lamp,30,645,0,0,0,0
v0,lamp,30,646,0,0,0,0
v0,lamp,30,647,0,0,0,0
v0,lamp,30,648,0,0,0,0
v0,lamp,30,649,0,0,0,0
v0,lamp,30,650,0,0,0,0
v0,lamp,30,651,0,0,0,0
v0,lamp,30,652,0,0,0,0
v0,lamp,30,653,0,0,0,0
v0,lamp,30,654,0,0,0,0
v0,lamp,30,655,0,0,0,0
v0,lamp,30,656,0,0,0,0
v0,lamp,30,657,0,0,0,0
v0,lamp,30,658,0,0,0,0
v0,lamp,30,659,0,0,0,0
v0,lamp,30,660,0,0,0,0
v0,lamp,30,661,0,0,0,0
v0,lamp,30,662,0,0,0,0
v0,lamp,30,663,0,0,0,0
v0,lamp,30,664,0,0,0,0
v0,lamp,30,665,0,0,0,0
v0,lamp,30,666,0,0,0,0
v0,lamp,30,667,0,0,0,0
v0,lamp,30,668,0,0,0,0
v0,lamp,30,669,0,0,0,0
v0,lamp,30,670,0,0,0,0
v0,lamp,30,671,0,0,0,0
v0,lamp,30,672,0,0,0,0
v0,lamp,30,673,0,0,0,0
v0,lamp,30,674,0,0,0,0
v0,lamp,30,675,0,0,0,0
v0,lamp,30,676,0,0,0,0
v0,lamp,30,677,0,0,0,0
v0,lamp,30,678,0,0,0,0
v0,lamp,30,679,0,0,0,0
v0,lamp,30,680,0,0,0,0
v0,lamp,30,681,0,0,0,0
v0,lamp,30,682,0,0,0,0
v0,lamp,30,683,0,0,0,0
v0,lamp,30,684,0,0,0,0
v0,lamp,30,685,0,0,0,0
v0,lamp,30,686,0,0,0,0
v0,lamp,30,687,0,0,0,0
v0,lamp,30,688,0,0,0,0
v0,lamp,30,689,0,0,0,0
v0,lamp,30,690,0,0,0,0
v0,lamp,30,691,0,0,0,0
v0,lamp,30,692,0,0,0,0
v0,lamp,30,693,0,0,0,0
v0,lamp,30,694,0,0,0,0
v0,lamp,30,695,0,0,0,0
v0,lamp,30,696,0,0,0,0
v0,lamp,30,697,0,0,0,0
v0,lamp,30,698,0,0,0,0
v0,lamp,30,699,0,0,0,0
v0,lamp,60,0,255,255,255,7
v0,lamp,60,1,255,255,255,6
v0,lamp,60,2,255,255,255,6
v0,lamp,60,3,248,247,247,2
v0,lamp,60,4,244,243,242,0
v0,lamp,60,5,242,241,240,0
v0,lamp,60,6,241,240,239,0
v0,lamp,60,7,239,238,236,0
v0,lamp,60,8,238,237,235,0
v0,lamp,60,9,236,234,232,0
v0,lamp,60,10,234,232,229,0
v0,lamp,60,11,233,230,227,0
v0,lamp,60,12,231,228,225,0
v0,lamp,60,13,229,226,222,0
v0,lamp,60,14,226,223,219,0
v0,lamp,60,15,224,220,216,0
v0,lamp,60,16,222,218,213,0
v0,lamp,60,17,220,215,210,0
v0,lamp,60,18,218,212,206,0
v0,lamp,60,19,216,210,204,0
v0,lamp,60,20,214,207,201,0
v0,lamp,60,21,211,204,197,0
v0,lamp,60,22,209,202,194,0
v0,lamp,60,23,206,199,191,0
v0,lamp,60,24,203,195,187,0
v0,lamp,60,25,200,192,183,0
v0,lamp,60,26,198,189,180,0
v0,lamp,60,27,196,187,177,0
v0,lamp,60,28,193,183,173,0
v0,lamp,60,29,190,181,170,0
v0,lamp,60,30,188,178,167,0
v0,lamp,60,31,185,175,164,0
v0,lamp,60,32,182,172,160,0
v0,lamp,60,33,179,168,157,0
v0,lamp,60,34,177,166,154,0
v0,lamp,60,35,174,163,150,0
v0,lamp,60,36,172,160,148,0
v0,lamp,60,37,169,157,144,0
v0,lamp,60,38,166,153,140,0
v0,lamp,60,39,164,151,138,0
v0,lamp,60,40,161,148,135,0
v0,lamp,60,41,158,145,132,0
v0,lamp,60,42,156,143,129,0
v0,lamp,60,43,153,140,126,0
v0,lamp,60,44,150,136,123,0
v0,lamp,60,45,147,134,120,0
v0,lamp,60,46,145,131,117,0
v0,lamp,60,47,143,129,115,0
v0,lamp,60,48,140,126,112,0
v0,lamp,60,49,137,123,109,0
v0,lamp,60,50,136,121,107,0
v0,lamp,60,51,133,119,104,0
v0,lamp,60,52,131,116,102,0
v0,lamp,60,53,128,113,99,0
v0,lamp,60,54,126,111,97,0
v0,lamp,60,55,124,109,95,0
v0,lamp,60,56,122,107,93,0
v0,lamp,60,57,119,104,90,0
v0,lamp,60,58,117,102,88,0
v0,lamp,60,59,114,100,85,0
v0,lamp,60,60,113,98,84,0
v0,lamp,60,61,110,95,81,0
v0,lamp,60,62,108,94,80,0
v0,lamp,60,63,106,91,77,0
v0,lamp,60,64,104,89,75,0
v0,lamp,60,65,103,88,74,0
v0,lamp,60,66,100,85,71,0
v0,lamp,60,67,98,83,70,0
v0,lamp,60,68,96,81,68,0
v0,lamp,60,69,94,80,66,0
v0,lamp,60,70,93,78,65,0
v0,lamp,60,71,91,76,63,0
v0,lamp,60,72,89,74,61,0
v0,lamp,60,73,88,73,60,0
v0,lamp,60,74,85,71,58,0
v0,lamp,60,75,84,70,57,0
v0,lamp,60,76,82,68,56,0
v0,lamp,60,77,81,67,55,0
v0,lamp,60,78,79,65,53,0
v0,lamp,60,79,78,64,52,0
v0,lamp,60,80,76,62,50,0
v0,lamp,60,81,75,61,49,0
v0,lamp,60,82,73,59,47,0
v0,lamp,60,83,72,58,47,0
v0,lamp,60,84,70,57,46,0
v0,lamp,60,85,69,56,44,0
v0,lamp,60,86,68,55,43,0
v0,lamp,60,87,66,53,42,0
v0,lamp,60,88,65,52,41,0
v0,lamp,60,89,63,51,40,0
v0,lamp,60,90,62,50,39,0
v0,lamp,60,91,61,48,38,0
v0,lamp,60,92,60,47,37,0
v0,lamp,60,93,58,46,36,0
v0,lamp,60,94,57,45,35,0
v0,lamp,60,95,56,44,34,0
v0,lamp,60,96,55,43,34,0
v0,lamp,60,97,54,42,33,0
v0,lamp,60,98,53,41,31,0
v0,lamp,60,99,52,40,31,0
v0,lamp,60,100,51,40,30,0
v0,lamp,60,101,50,39,29,0
v0,lamp,60,102,48,37,28,0
v0,lamp,60,103,48,37,28,0
v0,lamp,60,104,46,35,27,0
v0,lamp,60,105,46,35,27,0
v0,lamp,60,106,44,34,25,0
v0,lamp,60,107,44,34,25,0
v0,lamp,60,108,43,33,24,0
v0,lamp,60,109,42,32,24,0
v0,lamp,60,110,41,31,23,0
v0,lamp,60,111,40,30,22,0
v0,lamp,60,112,40,30,22,0
v0,lamp,60,113,39,29,22,0
v0,lamp,60,114,38,29,21,0
v0,lamp,60,115,37,28,20,0
v0,lamp,60,116,37,28,20,0
v0,lamp,60,117,35,26,19,0
v0,lamp,60,118,35,26,19,0
v0,lamp,60,119,34,25,18,0
v0,lamp,60,120,33,24,17,0
v0,lamp,60,121,33,24,17,0
v0,lamp,60,122,32,23,17,0
v0,lamp,60,123,32,24,17,0
v0,lamp,60,124,31,22,16,0
v0,lamp,60,125,31,22,16,0
v0,lamp,60,126,30,21,15,0
v0,lamp,60,127,29,21,15,0
v0,lamp,60,128,28,20,14,0
v0,lamp,60,129,28,21,15,0
v0,lamp,60,130,27,20,14,0
v0,lamp,60,131,27,19,13,0
v0,lamp,60,132,26,18,13,0
v0,lamp,60,133,26,18,13,0
v0,lamp,60,134,25,18,12,0
v0,lamp,60,135,25,17,12,0
v0,lamp,60,136,24,17,12,0
v0,lamp,60,137,24,17,12,0
v0,lamp,60,138,23,16,11,0
v0,lamp,60,139,22,16,11,0
v0,lamp,60,140,22,15,11,0
v0,lamp,60,141,21,15,10,0
v0,lamp,60,142,21,15,10,0
v0,lamp,60,143,21,14,9,0
v0,lamp,60,144,21,14,10,0
v0,lamp,60,145,20,14,10,0
v0,lamp,60,146,20,14,9,0
v0,lamp,60,147,20,14,9,0
v0,lamp,60,148,19,13,9,0
v0,lamp,60,149,18,12,8,0
v0,lamp,60,150,18,12,8,0
v0,lamp,60,151,17,12,8,0
v0,lamp,60,152,17,12,8,0
v0,lamp,60,153,17,12,8,0
v0,lamp,60,154,17,12,8,0
v0,lamp,60,155,16,11,7,0
v0,lamp,60,156,16,11,7,0
v0,lamp,60,157,16,11,7,0
v0,lamp,60,158,16,10,7,0
v0,lamp,60,159,15,10,6,0
v0,lamp,60,160,15,10,6,0
v0,lamp,60,161,15,10,6,0
v0,lamp,60,162,15,10,6,0
v0,lamp,60,163,13,9,5,0
v0,lamp,60,164,13,9,5,0
v0,lamp,60,165,14,9,6,0
v0,lamp,60,166,13,8,5,0
v0,lamp,60,167,13,9,5,0
v0,lamp,60,168,12,8,5,0
v0,lamp,60,169,12,8,5,0
v0,lamp,60,170,12,8,5,0
v0,lamp,60,171,12,8,5,0
v0,lamp,60,172,12,7,5,0
v0,lamp,60,173,11,7,5,0
v0,lamp,60,174,11,7,4,0
v0,lamp,60,175,10,7,4,0
v0,lamp,60,176,11,7,5,0
v0,lamp,60,177,10,6,4,0
v0,lamp,60,178,10,7,4,0
v0,lamp,60,179,10,6,4,0
v0,lamp,60,180,9,6,3,0
v0,lamp,60,181,10,6,4,0
v0,lamp,60,182,10,6,4,0
v0,lamp,60,183,9,5,3,0
v0,lamp,60,184,9,6,4,0
v0,lamp,60,185,9,6,4,0
v0,lamp,60,186,8,5,3,0
v0,lamp,60,187,9,5,3,0
v0,lamp,60,188,8,5,3,0
v0,lamp,60,189,8,5,3,0
v0,lamp,60,190,8,5,3,0
v0,lamp,60,191,7,4,2,0
v0,lamp,60,192,7,4,3,0
v0,lamp,60,193,8,5,3,0
v0,lamp,60,194,7,5,3,0
v0,lamp,60,195,7,4,2,0
v0,lamp,60,196,7,4,2,0
v0,lamp,60,197,7,4,2,0
v0,lamp,60,198,6,4,2,0
v0,lamp,60,199,6,4,2,0
v0,lamp,60,200,6,3,2,0
v0,lamp,60,201,6,4,2,0
v0,lamp,60,202,6,4,2,0
v0,lamp,60,203,6,3,2,0
v0,lamp,60,204,6,4,2,0
v0,lamp,60,205,6,3,2,0
v0,lamp,60,206,6,4,2,0
v0,lamp,60,207,6,3,2,0
v0,lamp,60,208,5,3,2,0
v0,lamp,60,209,5,3,2,0
v0,lamp,60,210,5,3,2,0
v0,lamp,60,211,5,3,1,0
v0,lamp,60,212,5,3,2,0
v0,lamp,60,213,5,3,1,0
v0,lamp,60,214,5,3,1,0
v0,lamp,60,215,4,2,1,0
v0,lamp,60,216,5,3,2,0
v0,lamp,60,217,4,2,1,0
v0,lamp,60,218,5,3,2,0
v0,lamp,60,219,4,2,1,0
v0,lamp,60,220,4,3,1,0
v0,lamp,60,221,4,2,1,0
v0,lamp,60,222,4,2,1,0
v0,lamp,60,223,4,2,1,0
v0,lamp,60,224,4,2,1,0
v0,lamp,60,225,3,2,1,0
v0,lamp,60,226,4,2,1,0
v0,lamp,60,227,4,2,1,0
v0,lamp,60,228,4,2,1,0
v0,lamp,60,229,3,2,1,0
v0,lamp,60,230,3,2,1,0
v0,lamp,60,231,4,2,1,0
v0,lamp,60,232,3,1,0,0
v0,lamp,60,233,4,2,1,0
v0,lamp,60,234,3,2,1,0
v0,lamp,60,235,3,2,1,0
v0,lamp,60,236,3,2,1,0
v0,lamp,60,237,3,2,1,0
v0,lamp,60,238,3,1,0,0
v0,lamp,60,239,3,2,1,0
v0,lamp,60,240,3,1,1,0
v0,lamp,60,241,3,2,1,0
v0,lamp,60,242,2,1,0,0
v0,lamp,60,243,2,1,0,0
v0,lamp,60,244,3,2,1,0
v0,lamp,60,245,3,1,1,0
v0,lamp,60,246,3,2,1,0
v0,lamp,60,247,2,1,1,0
v0,lamp,60,248,2,1,1,0
v0,lamp,60,249,2,1,0,0
v0,lamp,60,250,2,1,0,0
v0,lamp,60,251,2,1,1,0
v0,lamp,60,252,2,1,0,0
v0,lamp,60,253,2,1,0,0
v0,lamp,60,254,2,1,1,0
v0,lamp,60,255,2,1,1,0
v0,lamp,60,256,2,1,1,0
v0,lamp,60,257,2,1,1,0
v0,lamp,60,258,2,1,1,0
v0,lamp,60,259,2,1,0,0
v0,lamp,60,260,2,1,1,0
v0,lamp,60,261,2,1,0,0
v0,lamp,60,262,2,1,1,0
v0,lamp,60,263,1,0,0,0
v0,lamp,60,264,2,1,0,0
v0,lamp,60,265,2,1,1,0
v0,lamp,60,266,1,0,0,0
v0,lamp,60,267,2,1,0,0
v0,lamp,60,268,2,1,1,0
v0,lamp,60,269,2,1,1,0
v0,lamp,60,270,2,1,0,0
v0,lamp,60,271,2,1,1,0
v0,lamp,60,272,1,0,0,0
v0,lamp,60,273,1,0,0,0
v0,lamp,60,274,1,0,0,0
v0,lamp,60,275,0,0,0,0
v0,lamp,60,276,0,0,0,0
v0,lamp,60,277,0,0,0,0
v0,lamp,60,278,0,0,0,0
v0,lamp,60,279,0,0,0,0
v0,lamp,60,280,0,0,0,0
v0,lamp,60,281,0,0,0,0
v0,lamp,60,282,0,0,0,0
v0,lamp,60,283,0,0,0,0
v0,lamp,60,284,0,0,0,0
v0,lamp,60,285,0,0,0,0
v0,lamp,60,286,0,0,0,0
v0,lamp,60,287,0,0,0,0
v0,lamp,60,288,0,0,0,0
v0,lamp,60,289,0,0,0,0
v0,lamp,60,290,0,0,0,0
v0,lamp,60,291,0,0,0,0
v0,lamp,60,292,0,0,0,0
v0,lamp,60,293,0,0,0,0
v0,lamp,60,294,0,0,0,0
v0,lamp,60,295,0,0,0,0
v0,lamp,60,296,0,0,0,0
v0,lamp,60,297,0,0,0,0
v0,lamp,60,298,0,0,0,0
v0,lamp,60,299,0,0,0,0
v0,lamp,60,300,0,0,0,0
v0,lamp,60,301,0,0,0,0
v0,lamp,60,302,0,0,0,0
v0,lamp,60,303,0,0,0,0
v0,lamp,60,304,0,0,0,0
v0,lamp,60,305,0,0,0,0
v0,lamp,60,306,0,0,0,0
v0,lamp,60,307,0,0,0,0
v0,lamp,60,308,0,0,0,0
v0,lamp,60,309,0,0,0,0
v0,lamp,60,310,0,0,0,0
v0,lamp,60,311,0,0,0,0
v0,lamp,60,312,0,0,0,0
v0,lamp,60,313,0,0,0,0
v0,lamp,60,314,0,0,0,0
v0,lamp,60,315,0,0,0,0
v0,lamp,60,316,0,0,0,0
v0,lamp,60,317,0,0,0,0
v0,lamp,60,318,0,0,0,0
v0,lamp,60,319,0,0,0,0
v0,lamp,60,320,0,0,0,0
v0,lamp,60,321,0,0,0,0
v0,lamp,60,322,0,0,0,0
v0,lamp,60,323,0,0,0,0
v0,lamp,60,324,0,0,0,0
v0,lamp,60,325,0,0,0,0
v0,lamp,60,326,0,0,0,0
v0,lamp,60,327,0,0,0,0
v0,lamp,60,328,0,0,0,0
v0,lamp,60,329,0,0,0,0
v0,lamp,60,330,0,0,0,0
v0,lamp,60,331,0,0,0,0
v0,lamp,60,332,0,0,0,0
v0,lamp,60,333,0,0,0,0
v0,lamp,60,334,0,0,0,0
v0,lamp,60,335,0,0,0,0
v0,lamp,60,336,0,0,0,0
v0,lamp,60,337,0,0,0,0
v0,lamp,60,338,0,0,0,0
v0,lamp,60,339,0,0,0,0
v0,lamp,60,340,0,0,0,0
v0,lamp,60,341,0,0,0,0
v0,lamp,60,342,0,0,0,0
v0,lamp,60,343,0,0,0,0
v0,lamp,60,344,0,0,0,0
v0,lamp,60,345,0,0,0,0
v0,lamp,60,346,0,0,0,0
v0,lamp,60,347,0,0,0,0
v0,lamp,60,348,0,0,0,0
v0,lamp,60,349,0,0,0,0
v0,lamp,60,350,0,0,0,0
v0,lamp,60,351,0,0,0,0
v0,lamp,60,352,0,0,0,0
v0,lamp,60,353,0,0,0,0
v0,lamp,60,354,0,0,0,0
v0,lamp,60,355,0,0,0,0
v0,lamp,60,356,0,0,0,0
v0,lamp,60,357,0,0,0,0
v0,lamp,60,358,0,0,0,0
v0,lamp,60,359,0,0,0,0
v0,lamp,60,360,0,0,0,0
v0,lamp,60,361,0,0,0,0
v0,lamp,60,362,0,0,0,0
v0,lamp,60,363,0,0,0,0
v0,lamp,60,364,0,0,0,0
v0,lamp,60,365,0,0,0,0
v0,lamp,60,366,0,0,0,0
v0,lamp,60,367,0,0,0,0
v0,lamp,60,368,0,0,0,0
v0,lamp,60,369,0,0,0,0
v0,lamp,60,370,0,0,0,0
v0,lamp,60,371,0,0,0,0
v0,lamp,60,372,0,0,0,0
v0,lamp,60,373,0,0,0,0
v0,lamp,60,374,0,0,0,0
v0,lamp,60,375,0,0,0,0
v0,lamp,60,376,0,0,0,0
v0,lamp,60,377,0,0,0,0
v0,lamp,60,378,0,0,0,0
v0,lamp,60,379,0,0,0,0
v0,lamp,60,380,0,0,0,0
v0,lamp,60,381,0,0,0,0
v0,lamp,60,382,0,0,0,0
v0,lamp,60,383,0,0,0,0
v0,lamp,60,384,0,0,0,0
v0,lamp,60,385,0,0,0,0
v0,lamp,60,386,0,0,0,0
v0,lamp,60,387,0,0,0,0
v0,lamp,60,388,0,0,0,0
v0,lamp,60,389,0,0,0,0
v0,lamp,60,390,0,0,0,0
v0,lamp,60,391,0,0,0,0
v0,lamp,60,392,0,0,0,0
v0,lamp,60,393,0,0,0,0
v0,lamp,60,394,0,0,0,0
v0,lamp,60,395,0,0,0,0
v0,lamp,60,396,0,0,0,0
v0,lamp,60,397,0,0,0,0
v0,lamp,60,398,0,0,0,0
v0,lamp,60,399,0,0,0,0
v0,lamp,60,400,0,0,0,0
v0,lamp,60,401,0,0,0,0
v0,lamp,60,402,0,0,0,0
v0,lamp,60,403,0,0,0,0
v0,lamp,60,404,0,0,0,0
v0,lamp,60,405,0,0,0,0
v0,lamp,60,406,0,0,0,0
v0,lamp,60,407,0,0,0,0
v0,lamp,60,408,0,0,0,0
v0,lamp,60,409,0,0,0,0
v0,lamp,60,410,0,0,0,0
v0,lamp,60,411,0,0,0,0
v0,lamp,60,412,0,0,0,0
v0,lamp,60,413,0,0,0,0
v0,lamp,60,414,0,0,0,0
v0,lamp,60,415,0,0,0,0
v0,lamp,60,416,0,0,0,0
v0,lamp,60,417,0,0,0,0
v0,lamp,60,418,0,0,0,0
v0,lamp,60,419,0,0,0,0
v0,lamp,60,420,0,0,0,0
v0,lamp,60,421,0,0,0,0
v0,lamp,60,422,0,0,0,0
v0,lamp,60,423,0,0,0,0
v0,lamp,60,424,0,0,0,0
v0,lamp,60,425,0,0,0,0
v0,lamp,60,426,0,0,0,0
v0,lamp,60,427,0,0,0,0
v0,lamp,60,428,0,0,0,0
v0,lamp,60,429,0,0,0,0
v0,lamp,60,430,0,0,0,0
v0,lamp,60,431,0,0,0,0
v0,lamp,60,432,0,0,0,0
v0,lamp,60,433,0,0,0,0
v0,lamp,60,434,0,0,0,0
v0,lamp,60,435,0,0,0,0
v0,lamp,60,436,0,0,0,0
v0,lamp,60,437,0,0,0,0
v0,lamp,60,438,0,0,0,0
v0,lamp,60,439,0,0,0,0
v0,lamp,60,440,0,0,0,0
v0,lamp,60,441,0,0,0,0
v0,lamp,60,442,0,0,0,0
v0,lamp,60,443,0,0,0,0
v0,lamp,60,444,0,0,0,0
v0,lamp,60,445,0,0,0,0
v0,lamp,60,446,0,0,0,0
v0,lamp,60,447,0,0,0,0
v0,lamp,60,448,0,0,0,0
v0,lamp,60,449,0,0,0,0
v0,lamp,60,450,0,0,0,0
v0,lamp,60,451,0,0,0,0
v0,lamp,60,452,0,0,0,0
v0,lamp,60,453,0,0,0,0
v0,lamp,60,454,0,0,0,0
v0,lamp,60,455,0,0,0,0
v0,lamp,60,456,0,0,0,0
v0,lamp,60,457,0,0,0,0
v0,lamp,60,458,0,0,0,0
v0,lamp,60,459,0,0,0,0
v0,lamp,60,460,0,0,0,0
v0,lamp,60,461,0,0,0,0
v0,lamp,60,462,0,0,0,0
v0,lamp,60,463,0,0,0,0
v0,lamp,60,464,0,0,0,0
v0,lamp,60,465,0,0,0,0
v0,lamp,60,466,0,0,0,0
v0,lamp,60,467,0,0,0,0
v0,lamp,60,468,0,0,0,0
v0,lamp,60,469,0,0,0,0
v0,lamp,60,470,0,0,0,0
v0,lamp,60,471,0,0,0,0
v0,lamp,60,472,0,0,0,0
v0,lamp,60,473,0,0,0,0
v0,lamp,60,474,0,0,0,0
v0,lamp,60,475,0,0,0,0
v0,lamp,60,476,0,0,0,0
v0,lamp,60,477,0,0,0,0
v0,lamp,60,478,0,0,0,0
v0,lamp,60,479,0,0,0,0
v0,lamp,60,480,0,0,0,0
v0,lamp,60,481,0,0,0,0
v0,lamp,60,482,0,0,0,0
v0,lamp,60,483,0,0,0,0
v0,lamp,60,484,0,0,0,0
v0,lamp,60,485,0,0,0,0
v0,lamp,60,486,0,0,0,0
v0,lamp,60,487,0,0,0,0
v0,lamp,60,488,0,0,0,0
v0,lamp,60,489,0,0,0,0
v0,lamp,60,490,0,0,0,0
v0,lamp,60,491,0,0,0,0
v0,lamp,60,492,0,0,0,0
v0,lamp,60,493,0,0,0,0
v0,lamp,60,494,0,0,0,0
v0,lamp,60,495,0,0,0,0
v0,lamp,60,496,0,0,0,0
v0,lamp,60,497,0,0,0,0
v0,lamp,60,498,0,0,0,0
v0,lamp,60,499,0,0,0,0
v0,lamp,60,500,0,0,0,0
v0,lamp,60,501,0,0,0,0
v0,lamp,60,502,0,0,0,0
v0,lamp,60,503,0,0,0,0
v0,lamp,60,504,0,0,0,0
v0,lamp,60,505,0,0,0,0
v0,lamp,60,506,0,0,0,0
v0,lamp,60,507,0,0,0,0
v0,lamp,60,508,0,0,0,0
v0,lamp,60,509,0,0,0,0
v0,lamp,60,510,0,0,0,0
v0,lamp,60,511,0,0,0,0
v0,lamp,60,512,0,0,0,0
v0,lamp,60,513,0,0,0,0
v0,lamp,60,514,0,0,0,0
v0,lamp,60,515,0,0,0,0
v0,lamp,60,516,0,0,0,0
v0,lamp,60,517,0,0,0,0
v0,lamp,60,518,0,0,0,0
v0,lamp,60,519,0,0,0,0
v0,lamp,60,520,0,0,0,0
v0,lamp,60,521,0,0,0,0
v0,lamp,60,522,0,0,0,0
v0,lamp,60,523,0,0,0,0
v0,lamp,60,524,0,0,0,0
v0,lamp,60,525,0,0,0,0
v0,lamp,60,526,0,0,0,0
v0,lamp,60,527,0,0,0,0
v0,lamp,60,528,0,0,0,0
v0,lamp,60,529,0,0,0,0
v0,lamp,60,530,0,0,0,0
v0,lamp,60,531,0,0,0,0
v0,lamp,60,532,0,0,0,0
v0,lamp,60,533,0,0,0,0
v0,lamp,60,534,0,0,0,0
v0,lamp,60,535,0,0,0,0
v0,lamp,60,536,0,0,0,0
v0,lamp,60,537,0,0,0,0
v0,lamp,60,538,0,0,0,0
v0,lamp,60,539,0,0,0,0
v0,lamp,60,540,0,0,0,0
v0,lamp,60,541,0,0,0,0
v0,lamp,60,542,0,0,0,0
v0,lamp,60,543,0,0,0,0
v0,lamp,60,544,0,0,0,0
v0,lamp,60,545,0,0,0,0
v0,lamp,60,546,0,0,0,0
v0,lamp,60,547,0,0,0,0
v0,lamp,60,548,0,0,0,0
v0,lamp,60,549,0,0,0,0
v0,lamp,60,550,0,0,0,0
v0,lamp,60,551,0,0,0,0
v0,lamp,60,552,0,0,0,0
v0,lamp,60,553,0,0,0,0
v0,lamp,60,554,0,0,0,0
v0,lamp,60,555,0,0,0,0
v0,lamp,60,556,0,0,0,0
v0,lamp,60,557,0,0,0,0
v0,lamp,60,558,0,0,0,0
v0,lamp,60,559,0,0,0,0
v0,lamp,60,560,0,0,0,0
v0,lamp,60,561,0,0,0,0
v0,lamp,60,562,0,0,0,0
v0,lamp,60,563,0,0,0,0
v0,lamp,60,564,0,0,0,0
v0,lamp,60,565,0,0,0,0
v0,lamp,60,566,0,0,0,0
v0,lamp,60,567,0,0,0,0
v0,lamp,60,568,0,0,0,0
v0,lamp,60,569,0,0,0,0
v0,lamp,60,570,0,0,0,0
v0,lamp,60,571,0,0,0,0
v0,lamp,60,572,0,0,0,0
v0,lamp,60,573,0,0,0,0
v0,lamp,60,574,0,0,0,0
v0,lamp,60,575,0,0,0,0
v0,lamp,60,576,0,0,0,0
v0,lamp,60,577,0,0,0,0
v0,lamp,60,578,0,0,0,0
v0,lamp,60,579,0,0,0,0
v0,lamp,60,580,0,0,0,0
v0,lamp,60,581,0,0,0,0
v0,lamp,60,582,0,0,0,0
v0,lamp,60,583,0,0,0,0
v0,lamp,60,584,0,0,0,0
v0,lamp,60,585,0,0,0,0
v0,lamp,60,586,0,0,0,0
v0,lamp,60,587,0,0,0,0
v0,lamp,60,588,0,0,0,0
v0,lamp,60,589,0,0,0,0
v0,lamp,60,590,0,0,0,0
v0,lamp,60,591,0,0,0,0
v0,lamp,60,592,0,0,0,0
v0,lamp,60,593,0,0,0,0
v0,lamp,60,594,0,0,0,0
v0,lamp,60,595,0,0,0,0
v0,lamp,60,596,0,0,0,0
v0,lamp,60,597,0,0,0,0
v0,lamp,60,598,0,0,0,0
v0,lamp,60,599,0,0,0,0
v0,lamp,60,600,0,0,0,0
v0,lamp,60,601,0,0,0,0
v0,lamp,60,602,0,0,0,0
v0,lamp,60,603,0,0,0,0
v0,lamp,60,604,0,0,0,0
v0,lamp,60,605,0,0,0,0
v0,lamp,60,606,0,0,0,0
v0,lamp,60,607,0,0,0,0
v0,lamp,60,608,0,0,0,0
v0,lamp,60,609,0,0,0,0
v0,lamp,60,610,0,0,0,0
v0,lamp,60,611,0,0,0,0
v0,lamp,60,612,0,0,0,0
v0,lamp,60,613,0,0,0,0
v0,lamp,60,614,0,0,0,0
v0,lamp,60,615,0,0,0,0
v0,lamp,60,616,0,0,0,0
v0,lamp,60,617,0,0,0,0
v0,lamp,60,618,0,0,0,0
v0,lamp,60,619,0,0,0,0
v0,lamp,60,620,0,0,0,0
v0,lamp,60,621,0,0,0,0
v0,lamp,60,622,0,0,0,0
v0,lamp,60,623,0,0,0,0
v0,lamp,60,624,0,0,0,0
v0,lamp,60,625,0,0,0,0
v0,lamp,60,626,0,0,0,0
v0,lamp,60,627,0,0,0,0
v0,lamp,60,628,0,0,0,0
v0,lamp,60,629,0,0,0,0
v0,lamp,60,630,0,0,0,0
v0,lamp,60,631,0,0,0,0
v0,lamp,60,632,0,0,0,0
v0,lamp,60,633,0,0,0,0
v0,lamp,60,634,0,0,0,0
v0,lamp,60,635,0,0,0,0
v0,lamp,60,636,0,0,0,0
v0,lamp,60,637,0,0,0,0
v0,lamp,60,638,0,0,0,0
v0,lamp,60,639,0,0,0,0
v0,lamp,60,640,0,0,0,0
v0,lamp,60,641,0,0,0,0
v0,lamp,60,642,0,0,0,0
v0,lamp,60,643,0,0,0,0
v0,lamp,60,644,0,0,0,0
v0,lamp,60,645,0,0,0,0
v0,lamp,60,646,0,0,0,0
v0,lamp,60,647,0,0,0,0
v0,lamp,60,648,0,0,0,0
v0,lamp,60,649,0,0,0,0
v0,lamp,60,650,0,0,0,0
v0,lamp,60,651,0,0,0,0
v0,lamp,60,652,0,0,0,0
v0,lamp,60,653,0,0,0,0
v0,lamp,60,654,0,0,0,0
v0,lamp,60,655,0,0,0,0
v0,lamp,60,656,0,0,0,0
v0,lamp,60,657,0,0,0,0
v0,lamp,60,658,0,0,0,0
v0,lamp,60,659,0,0,0,0
v0,lamp,60,660,0,0,0,0
v0,lamp,60,661,0,0,0,0
v0,lamp,60,662,0,0,0,0
v0,lamp,60,663,0,0,0,0
v0,lamp,60,664,0,0,0,0
v0,lamp,60,665,0,0,0,0
v0,lamp,60,666,0,0,0,0
v0,lamp,60,667,0,0,0,0
v0,lamp,60,668,0,0,0,0
v0,lamp,60,669,0,0,0,0
v0,lamp,60,670,0,0,0,0
v0,lamp,60,671,0,0,0,0
v0,lamp,60,672,0,0,0,0
v0,lamp,60,673,0,0,0,0
v0,lamp,60,674,0,0,0,0
v0,lamp,60,675,0,0,0,0
v0,lamp,60,676,0,0,0,0
v0,lamp,60,677,0,0,0,0
v0,lamp,60,678,0,0,0,0
v0,lamp,60,679,0,0,0,0
v0,lamp,60,680,0,0,0,0
v0,lamp,60,681,0,0,0,0
v0,lamp,60,682,0,0,0,0
v0,lamp,60,683,0,0,0,0
v0,lamp,60,684,0,0,0,0
v0,lamp,60,685,0,0,0,0
v0,lamp,60,686,0,0,0,0
v0,lamp,60,687,0,0,0,0
v0,lamp,60,688,0,0,0,0
v0,lamp,60,689,0,0,0,0
v0,lamp,60,690,0,0,0,0
v0,lamp,60,691,0,0,0,0
v0,lamp,60,692,0,0,0,0
v0,lamp,60,693,0,0,0,0
v0,lamp,60,694,0,0,0,0
v0,lamp,60,695,0,0,0,0
v0,lamp,60,696,0,0,0,0
v0,lamp,60,697,0,0,0,0
v0,lamp,60,698,0,0,0,0
v0,lamp,60,699,0,0,0,0
v0,lamp,90,0,255,255,255,41
v0,lamp,90,1,255,255,255,41
v0,lamp,90,2,255,255,255,41
v0,lamp,90,3,255,255,255,6
v0,lamp,90,4,255,255,255,6
v0,lamp,90,5,255,255,255,6
v0,lamp,90,6,255,255,255,6
v0,lamp,90,7,255,255,255,6
v0,lamp,90,8,255,255,255,6
v0,lamp,90,9,255,255,255,6
v0,lamp,90,10,255,255,255,6
v0,lamp,90,11,255,255,255,6
v0,lamp,90,12,255,255,255,6
v0,lamp,90,13,255,255,255,6
v0,lamp,90,14,255,254,254,6
v0,lamp,90,15,254,254,254,6
v0,lamp,90,16,254,254,254,6
v0,lamp,90,17,254,254,253,6
v0,lamp,90,18,254,253,253,6
v0,lamp,90,19,254,253,252,6
v0,lamp,90,20,254,253,252,6
v0,lamp,90,21,253,252,251,6
v0,lamp,90,22,253,252,250,4
v0,lamp,90,23,253,251,249,4
v0,lamp,90,24,252,250,248,4
v0,lamp,90,25,251,249,246,4
v0,lamp,90,26,251,248,245,4
v0,lamp,90,27,251,248,244,4
v0,lamp,90,28,249,246,242,4
v0,lamp,90,29,249,246,241,4
v0,lamp,90,30,248,244,238,4
v0,lamp,90,31,247,243,237,0
v0,lamp,90,32,246,241,235,0
v0,lamp,90,33,245,239,232,0
v0,lamp,90,34,244,238,230,0
v0,lamp,90,35,243,236,227,0
v0,lamp,90,36,241,234,225,0
v0,lamp,90,37,240,232,222,0
v0,lamp,90,38,238,229,219,0
v0,lamp,90,39,237,228,216,0
v0,lamp,90,40,235,225,213,0
v0,lamp,90,41,233,223,210,0
v0,lamp,90,42,232,221,207,0
v0,lamp,90,43,230,218,204,0
v0,lamp,90,44,227,215,200,0
v0,lamp,90,45,225,212,197,0
v0,lamp,90,46,222,209,194,0
v0,lamp,90,47,221,207,191,0
v0,lamp,90,48,219,204,188,0
v0,lamp,90,49,216,201,184,0
v0,lamp,90,50,214,199,181,0
v0,lamp,90,51,212,196,178,0
v0,lamp,90,52,209,193,174,0
v0,lamp,90,53,206,189,170,0
v0,lamp,90,54,204,186,167,0
v0,lamp,90,55,202,184,164,0
v0,lamp,90,56,199,181,161,0
v0,lamp,90,57,196,177,157,0
v0,lamp,90,58,194,174,154,0
v0,lamp,90,59,191,171,151,0
v0,lamp,90,60,189,169,148,0
v0,lamp,90,61,185,165,144,0
v0,lamp,90,62,183,163,141,0
v0,lamp,90,63,180,159,138,0
v0,lamp,90,64,177,156,135,0
v0,lamp,90,65,175,154,132,0
v0,lamp,90,66,172,150,129,0
v0,lamp,90,67,169,148,126,0
v0,lamp,90,68,166,144,123,0
v0,lamp,90,69,164,142,120,0
v0,lamp,90,70,162,140,118,0
v0,lamp,90,71,159,136,115,0
v0,lamp,90,72,156,133,112,0
v0,lamp,90,73,154,131,110,0
v0,lamp,90,74,151,128,107,0
v0,lamp,90,75,148,126,105,0
v0,lamp,90,76,146,123,102,0
v0,lamp,90,77,144,121,100,0
v0,lamp,90,78,141,118,97,0
v0,lamp,90,79,139,116,95,0
v0,lamp,90,80,136,113,92,0
v0,lamp,90,81,133,111,90,0
v0,lamp,90,82,131,108,87,0
v0,lamp,90,83,129,106,86,0
v0,lamp,90,84,127,104,84,0
v0,lamp,90,85,124,102,82,0
v0,lamp,90,86,122,100,80,0
v0,lamp,90,87,120,98,78,0
v0,lamp,90,88,117,95,76,0
v0,lamp,90,89,115,93,74,0
v0,lamp,90,90,113,91,72,0
v0,lamp,90,91,111,89,70,0
v0,lamp,90,92,109,87,68,0
v0,lamp,90,93,106,85,66,0
v0,lamp,90,94,105,84,65,0
v0,lamp,90,95,102,81,63,0
v0,lamp,90,96,101,80,62,0
v0,lamp,90,97,99,78,60,0
v0,lamp,90,98,97,76,59,0
v0,lamp,90,99,95,75,57,0
v0,lamp,90,100,94,73,56,0
v0,lamp,90,101,91,71,54,0
v0,lamp,90,102,89,70,53,0
v0,lamp,90,103,88,68,52,0
v0,lamp,90,104,86,66,50,0
v0,lamp,90,105,85,65,49,0
v0,lamp,90,106,82,63,48,0
v0,lamp,90,107,81,62,47,0
v0,lamp,90,108,80,61,45,0
v0,lamp,90,109,78,60,44,0
v0,lamp,90,110,76,58,43,0
v0,lamp,90,111,75,57,42,0
v0,lamp,90,112,74,56,41,0
v0,lamp,90,113,72,55,40,0
v0,lamp,90,114,71,53,39,0
v0,lamp,90,115,69,52,38,0
v0,lamp,90,116,68,51,37,0
v0,lamp,90,117,66,49,36,0
v0,lamp,90,118,65,49,36,0
v0,lamp,90,119,64,47,34,0
v0,lamp,90,120,62,46,33,0
v0,lamp,90,121,61,45,33,0
v0,lamp,90,122,60,44,31,0
v0,lamp,90,123,59,44,31,0
v0,lamp,90,124,57,42,30,0
v0,lamp,90,125,57,41,30,0
v0,lamp,90,126,55,40,28,0
v0,lamp,90,127,54,39,28,0
v0,lamp,90,128,53,38,27,0
v0,lamp,90,129,52,38,27,0
v0,lamp,90,130,51,37,26,0
v0,lamp,90,131,50,36,25,0
v0,lamp,90,132,48,35,24,0
v0,lamp,90,133,48,34,24,0
v0,lamp,90,134,47,33,23,0
v0,lamp,90,135,46,33,23,0
v0,lamp,90,136,45,32,22,0
v0,lamp,90,137,44,31,22,0
v0,lamp,90,138,43,30,21,0
v0,lamp,90,139,42,30,20,0
v0,lamp,90,140,41,29,20,0
v0,lamp,90,141,40,28,19,0
v0,lamp,90,142,40,28,19,0
v0,lamp,90,143,39,27,18,0
v0,lamp,90,144,38,27,18,0
v0,lamp,90,145,38,26,18,0
v0,lamp,90,146,37,25,17,0
v0,lamp,90,147,36,25,17,0
v0,lamp,90,148,35,24,16,0
v0,lamp,90,149,34,23,16,0
v0,lamp,90,150,34,23,15,0
v0,lamp,90,151,33,22,14,0
v0,lamp,90,152,33,22,15,0
v0,lamp,90,153,32,22,14,0
v0,lamp,90,154,31,21,14,0
v0,lamp,90,155,30,20,13,0
v0,lamp,90,156,30,20,13,0
v0,lamp,90,157,29,20,13,0
v0,lamp,90,158,29,19,13,0
v0,lamp,90,159,28,18,12,0
v0,lamp,90,160,27,18,12,0
v0,lamp,90,161,27,18,12,0
v0,lamp,90,162,27,18,12,0
v0,lamp,90,163,25,17,10,0
v0,lamp,90,164,25,16,10,0
v0,lamp,90,165,25,17,11,0
v0,lamp,90,166,24,16,10,0
v0,lamp,90,167,24,16,10,0
v0,lamp,90,168,23,15,9,0
v0,lamp,90,169,23,15,9,0
v0,lamp,90,170,22,15,9,0
v0,lamp,90,171,22,14,9,0
v0,lamp,90,172,21,14,9,0
v0,lamp,90,173,21,14,9,0
v0,lamp,90,174,21,13,8,0
v0,lamp,90,175,20,13,8,0
v0,lamp,90,176,20,13,8,0
v0,lamp,90,177,19,12,7,0
v0,lamp,90,178,19,12,8,0
v0,lamp,90,179,18,11,7,0
v0,lamp,90,180,18,11,7,0
v0,lamp,90,181,18,11,7,0
v0,lamp,90,182,18,11,7,0
v0,lamp,90,183,17,10,6,0
v0,lamp,90,184,17,11,7,0
v0,lamp,90,185,17,11,6,0
v0,lamp,90,186,16,10,6,0
v0,lamp,90,187,16,10,6,0
v0,lamp,90,188,15,9,5,0
v0,lamp,90,189,15,9,6,0
v0,lamp,90,190,15,9,5,0
v0,lamp,90,191,14,8,5,0
v0,lamp,90,192,14,8,5,0
v0,lamp,90,193,14,9,5,0
v0,lamp,90,194,14,8,5,0
v0,lamp,90,195,13,8,4,0
v0,lamp,90,196,13,8,5,0
v0,lamp,90,197,13,7,4,0
v0,lamp,90,198,12,7,4,0
v0,lamp,90,199,12,7,4,0
v0,lamp,90,200,12,7,4,0
v0,lamp,90,201,12,7,4,0
v0,lamp,90,202,12,7,4,0
v0,lamp,90,203,11,6,3,0
v0,lamp,90,204,11,7,4,0
v0,lamp,90,205,11,6,4,0
v0,lamp,90,206,11,6,4,0
v0,lamp,90,207,11,6,4,0
v0,lamp,90,208,10,6,3,0
v0,lamp,90,209,10,6,3,0
v0,lamp,90,210,10,6,3,0
v0,lamp,90,211,9,5,3,0
v0,lamp,90,212,10,6,3,0
v0,lamp,90,213,9,5,3,0
v0,lamp,90,214,9,5,3,0
v0,lamp,90,215,8,5,2,0
v0,lamp,90,216,9,5,3,0
v0,lamp,90,217,8,4,2,0
v0,lamp,90,218,8,5,3,0
v0,lamp,90,219,8,5,2,0
v0,lamp,90,220,8,5,3,0
v0,lamp,90,221,7,4,2,0
v0,lamp,90,222,7,4,2,0
v0,lamp,90,223,7,4,2,0
v0,lamp,90,224,7,4,2,0
v0,lamp,90,225,7,4,2,0
v0,lamp,90,226,7,4,2,0
v0,lamp,90,227,7,4,2,0
v0,lamp,90,228,7,4,2,0
v0,lamp,90,229,6,3,2,0
v0,lamp,90,230,6,3,2,0
v0,lamp,90,231,7,4,2,0
v0,lamp,90,232,6,3,1,0
v0,lamp,90,233,6,4,2,0
v0,lamp,90,234,6,3,2,0
v0,lamp,90,235,6,3,2,0
v0,lamp,90,236,6,3,2,0
v0,lamp,90,237,6,4,2,0
v0,lamp,90,238,5,3,1,0
v0,lamp,90,239,5,3,1,0
v0,lamp,90,240,5,3,1,0
v0,lamp,90,241,6,3,2,0
v0,lamp,90,242,5,2,1,0
v0,lamp,90,243,5,2,1,0
v0,lamp,90,244,5,3,1,0
v0,lamp,90,245,5,3,1,0
v0,lamp,90,246,5,3,2,0
v0,lamp,90,247,5,2,1,0
v0,lamp,90,248,5,2,1,0
v0,lamp,90,249,4,2,1,0
v0,lamp,90,250,4,2,1,0
v0,lamp,90,251,4,2,1,0
v0,lamp,90,252,4,2,1,0
v0,lamp,90,253,4,2,1,0
v0,lamp,90,254,4,2,1,0
v0,lamp,90,255,4,2,1,0
v0,lamp,90,256,4,2,1,0
v0,lamp,90,257,4,2,1,0
v0,lamp,90,258,4,2,1,0
v0,lamp,90,259,3,2,1,0
v0,lamp,90,260,4,2,1,0
v0,lamp,90,261,3,2,1,0
v0,lamp,90,262,3,2,1,0
v0,lamp,90,263,3,1,0,0
v0,lamp,90,264,3,2,1,0
v0,lamp,90,265,4,2,1,0
v0,lamp,90,266,3,1,0,0
v0,lamp,90,267,3,1,1,0
v0,lamp,90,268,3,2,1,0
v0,lamp,90,269,3,2,1,0
v0,lamp,90,270,3,1,1,0
v0,lamp,90,271,3,2,1,0
v0,lamp,90,272,2,1,0,0
v0,lamp,90,273,2,1,0,0
v0,lamp,90,274,2,1,0,0
v0,lamp,90,275,2,1,0,0
v0,lamp,90,276,3,2,1,0
v0,lamp,90,277,3,2,1,0
v0,lamp,90,278,2,1,0,0
v0,lamp,90,279,2,1,1,0
v0,lamp,90,280,3,2,1,0
v0,lamp,90,281,2,1,0,0
v0,lamp,90,282,2,1,0,0
v0,lamp,90,283,2,1,0,0
v0,lamp,90,284,2,1,1,0
v0,lamp,90,285,2,1,0,0
v0,lamp,90,286,2,1,0,0
v0,lamp,90,287,2,1,1,0
v0,lamp,90,288,2,1,0,0
v0,lamp,90,289,2,1,1,0
v0,lamp,90,290,2,1,1,0
v0,lamp,90,291,2,1,0,0
v0,lamp,90,292,2,1,0,0
v0,lamp,90,293,2,1,0,0
v0,lamp,90,294,2,1,1,0
v0,lamp,90,295,2,1,1,0
v0,lamp,90,296,2,1,0,0
v0,lamp,90,297,2,1,0,0
v0,lamp,90,298,2,1,1,0
v0,lamp,90,299,2,1,0,0
v0,lamp,90,300,1,0,0,0
v0,lamp,90,301,2,1,0,0
v0,lamp,90,302,1,0,0,0
v0,lamp,90,303,2,1,1,0
v0,lamp,90,304,2,1,1,0
v0,lamp,90,305,0,0,0,0
v0,lamp,90,306,0,0,0,0
v0,lamp,90,307,0,0,0,0
v0,lamp,90,308,0,0,0,0
v0,lamp,90,309,0,0,0,0
v0,lamp,90,310,0,0,0,0
v0,lamp,90,311,0,0,0,0
v0,lamp,90,312,0,0,0,0
v0,lamp,90,313,0,0,0,0
v0,lamp,90,314,0,0,0,0
v0,lamp,90,315,0,0,0,0
v0,lamp,90,316,0,0,0,0
v0,lamp,90,317,0,0,0,0
v0,lamp,90,318,0,0,0,0
v0,lamp,90,319,0,0,0,0
v0,lamp,90,320,0,0,0,0
v0,lamp,90,321,0,0,0,0
v0,lamp,90,322,0,0,0,0
v0,lamp,90,323,0,0,0,0
v0,lamp,90,324,0,0,0,0
v0,lamp,90,325,0,0,0,0
v0,lamp,90,326,0,0,0,0
v0,lamp,90,327,0,0,0,0
v0,lamp,90,328,0,0,0,0
v0,lamp,90,329,0,0,0,0
v0,lamp,90,330,0,0,0,0
v0,lamp,90,331,0,0,0,0
v0,lamp,90,332,0,0,0,0
v0,lamp,90,333,0,0,0,0
v0,lamp,90,334,0,0,0,0
v0,lamp,90,335,0,0,0,0
v0,lamp,90,336,0,0,0,0
v0,lamp,90,337,0,0,0,0
v0,lamp,90,338,0,0,0,0
v0,lamp,90,339,0,0,0,0
v0,lamp,90,340,0,0,0,0
v0,lamp,90,341,0,0,0,0
v0,lamp,90,342,0,0,0,0
v0,lamp,90,343,0,0,0,0
v0,lamp,90,344,0,0,0,0
v0,lamp,90,345,0,0,0,0
v0,lamp,90,346,0,0,0,0
v0,lamp,90,347,0,0,0,0
v0,lamp,90,348,0,0,0,0
v0,lamp,90,349,0,0,0,0
v0,lamp,90,350,0,0,0,0
v0,lamp,90,351,0,0,0,0
v0,lamp,90,352,0,0,0,0
v0,lamp,90,353,0,0,0,0
v0,lamp,90,354,0,0,0,0
v0,lamp,90,355,0,0,0,0
v0,lamp,90,356,0,0,0,0
v0,lamp,90,357,0,0,0,0
v0,lamp,90,358,0,0,0,0
v0,lamp,90,359,0,0,0,0
v0,lamp,90,360,0,0,0,0
v0,lamp,90,361,0,0,0,0
v0,lamp,90,362,0,0,0,0
v0,lamp,90,363,0,0,0,0
v0,lamp,90,364,0,0,0,0
v0,lamp,90,365,0,0,0,0
v0,lamp,90,366,0,0,0,0
v0,lamp,90,367,0,0,0,0
v0,lamp,90,368,0,0,0,0
v0,lamp,90,369,0,0,0,0
v0,lamp,90,370,0,0,0,0
v0,lamp,90,371,0,0,0,0
v0,lamp,90,372,0,0,0,0
v0,lamp,90,373,0,0,0,0
v0,lamp,90,374,0,0,0,0
v0,lamp,90,375,0,0,0,0
v0,lamp,90,376,0,0,0,0
v0,lamp,90,377,0,0,0,0
v0,lamp,90,378,0,0,0,0
v0,lamp,90,379,0,0,0,0
v0,lamp,90,380,0,0,0,0
v0,lamp,90,381,0,0,0,0
v0,lamp,90,382,0,0,0,0
v0,lamp,90,383,0,0,0,0
v0,lamp,90,384,0,0,0,0
v0,lamp,90,385,0,0,0,0
v0,lamp,90,386,0,0,0,0
v0,lamp,90,387,0,0,0,0
v0,lamp,90,388,0,0,0,0
v0,lamp,90,389,0,0,0,0
v0,lamp,90,390,0,0,0,0
v0,lamp,90,391,0,0,0,0
v0,lamp,90,392,0,0,0,0
v0,lamp,90,393,0,0,0,0
v0,lamp,90,394,0,0,0,0
v0,lamp,90,395,0,0,0,0
v0,lamp,90,396,0,0,0,0
v0,lamp,90,397,0,0,0,0
v0,lamp,90,398,0,0,0,0
v0,lamp,90,399,0,0,0,0
v0,lamp,90,400,0,0,0,0
v0,lamp,90,401,0,0,0,0
v0,lamp,90,402,0,0,0,0
v0,lamp,90,403,0,0,0,0
v0,lamp,90,404,0,0,0,0
v0,lamp,90,405,0,0,0,0
v0,lamp,90,406,0,0,0,0
v0,lamp,90,407,0,0,0,0
v0,lamp,90,408,0,0,0,0
v0,lamp,90,409,0,0,0,0
v0,lamp,90,410,0,0,0,0
v0,lamp,90,411,0,0,0,0
v0,lamp,90,412,0,0,0,0
v0,lamp,90,413,0,0,0,0
v0,lamp,90,414,0,0,0,0
v0,lamp,90,415,0,0,0,0
v0,lamp,90,416,0,0,0,0
v0,lamp,90,417,0,0,0,0
v0,lamp,90,418,0,0,0,0
v0,lamp,90,419,0,0,0,0
v0,lamp,90,420,0,0,0,0
v0,lamp,90,421,0,0,0,0
v0,lamp,90,422,0,0,0,0
v0,lamp,90,423,0,0,0,0
v0,lamp,90,424,0,0,0,0
v0,lamp,90,425,0,0,0,0
v0,lamp,90,426,0,0,0,0
v0,lamp,90,427,0,0,0,0
v0,lamp,90,428,0,0,0,0
v0,lamp,90,429,0,0,0,0
v0,lamp,90,430,0,0,0,0
v0,lamp,90,431,0,0,0,0
v0,lamp,90,432,0,0,0,0
v0,lamp,90,433,0,0,0,0
v0,lamp,90,434,0,0,0,0
v0,lamp,90,435,0,0,0,0
v0,lamp,90,436,0,0,0,0
v0,lamp,90,437,0,0,0,0
v0,lamp,90,438,0,0,0,0
v0,lamp,90,439,0,0,0,0
v0,lamp,90,440,0,0,0,0
v0,lamp,90,441,0,0,0,0
v0,lamp,90,442,0,0,0,0
v0,lamp,90,443,0,0,0,0
v0,lamp,90,444,0,0,0,0
v0,lamp,90,445,0,0,0,0
v0,lamp,90,446,0,0,0,0
v0,lamp,90,447,0,0,0,0
v0,lamp,90,448,0,0,0,0
v0,lamp,90,449,0,0,0,0
v0,lamp,90,450,0,0,0,0
v0,lamp,90,451,0,0,0,0
v0,lamp,90,452,0,0,0,0
v0,lamp,90,453,0,0,0,0
v0,lamp,90,454,0,0,0,0
v0,lamp,90,455,0,0,0,0
v0,lamp,90,456,0,0,0,0
v0,lamp,90,457,0,0,0,0
v0,lamp,90,458,0,0,0,0
v0,lamp,90,459,0,0,0,0
v0,lamp,90,460,0,0,0,0
v0,lamp,90,461,0,0,0,0
v0,lamp,90,462,0,0,0,0
v0,lamp,90,463,0,0,0,0
v0,lamp,90,464,0,0,0,0
v0,lamp,90,465,0,0,0,0
v0,lamp,90,466,0,0,0,0
v0,lamp,90,467,0,0,0,0
v0,lamp,90,468,0,0,0,0
v0,lamp,90,469,0,0,0,0
v0,lamp,90,470,0,0,0,0
v0,lamp,90,471,0,0,0,0
v0,lamp,90,472,0,0,0,0
v0,lamp,90,473,0,0,0,0
v0,lamp,90,474,0,0,0,0
v0,lamp,90,475,0,0,0,0
v0,lamp,90,476,0,0,0,0
v0,lamp,90,477,0,0,0,0
v0,lamp,90,478,0,0,0,0
v0,lamp,90,479,0,0,0,0
v0,lamp,90,480,0,0,0,0
v0,lamp,90,481,0,0,0,0
v0,lamp,90,482,0,0,0,0
v0,lamp,90,483,0,0,0,0
v0,lamp,90,484,0,0,0,0
v0,lamp,90,485,0,0,0,0
v0,lamp,90,486,0,0,0,0
v0,lamp,90,487,0,0,0,0
v0,lamp,90,488,0,0,0,0
v0,lamp,90,489,0,0,0,0
v0,lamp,90,490,0,0,0,0
v0,lamp,90,491,0,0,0,0
v0,lamp,90,492,0,0,0,0
v0,lamp,90,493,0,0,0,0
v0,lamp,90,494,0,0,0,0
v0,lamp,90,495,0,0,0,0
v0,lamp,90,496,0,0,0,0
v0,lamp,90,497,0,0,0,0
v0,lamp,90,498,0,0,0,0
v0,lamp,90,499,0,0,0,0
v0,lamp,90,500,0,0,0,0
v0,lamp,90,501,0,0,0,0
v0,lamp,90,502,0,0,0,0
v0,lamp,90,503,0,0,0,0
v0,lamp,90,504,0,0,0,0
v0,lamp,90,505,0,0,0,0
v0,lamp,90,506,0,0,0,0
v0,lamp,90,507,0,0,0,0
v0,lamp,90,508,0,0,0,0
v0,lamp,90,509,0,0,0,0
v0,lamp,90,510,0,0,0,0
v0,lamp,90,511,0,0,0,0
v0,lamp,90,512,0,0,0,0
v0,lamp,90,513,0,0,0,0
v0,lamp,90,514,0,0,0,0
v0,lamp,90,515,0,0,0,0
v0,lamp,90,516,0,0,0,0
v0,lamp,90,517,0,0,0,0
v0,lamp,90,518,0,0,0,0
v0,lamp,90,519,0,0,0,0
v0,lamp,90,520,0,0,0,0
v0,lamp,90,521,0,0,0,0
v0,lamp,90,522,0,0,0,0
v0,lamp,90,523,0,0,0,0
v0,lamp,90,524,0,0,0,0
v0,lamp,90,525,0,0,0,0
v0,lamp,90,526,0,0,0,0
v0,lamp,90,527,0,0,0,0
v0,lamp,90,528,0,0,0,0
v0,lamp,90,529,0,0,0,0
v0,lamp,90,530,0,0,0,0
v0,lamp,90,531,0,0,0,0
v0,lamp,90,532,0,0,0,0
v0,lamp,90,533,0,0,0,0
v0,lamp,90,534,0,0,0,0
v0,lamp,90,535,0,0,0,0
v0,lamp,90,536,0,0,0,0
v0,lamp,90,537,0,0,0,0
v0,lamp,90,538,0,0,0,0
v0,lamp,90,539,0,0,0,0
v0,lamp,90,540,0,0,0,0
v0,lamp,90,541,0,0,0,0
v0,lamp,90,542,0,0,0,0
v0,lamp,90,543,0,0,0,0
v0,lamp,90,544,0,0,0,0
v0,lamp,90,545,0,0,0,0
v0,lamp,90,546,0,0,0,0
v0,lamp,90,547,0,0,0,0
v0,lamp,90,548,0,0,0,0
v0,lamp,90,549,0,0,0,0
v0,lamp,90,550,0,0,0,0
v0,lamp,90,551,0,0,0,0
v0,lamp,90,552,0,0,0,0
v0,lamp,90,553,0,0,0,0
v0,lamp,90,554,0,0,0,0
v0,lamp,90,555,0,0,0,0
v0,lamp,90,556,0,0,0,0
v0,lamp,90,557,0,0,0,0
v0,lamp,90,558,0,0,0,0
v0,lamp,90,559,0,0,0,0
v0,lamp,90,560,0,0,0,0
v0,lamp,90,561,0,0,0,0
v0,lamp,90,562,0,0,0,0
v0,lamp,90,563,0,0,0,0
v0,lamp,90,564,0,0,0,0
v0,lamp,90,565,0,0,0,0
v0,lamp,90,566,0,0,0,0
v0,lamp,90,567,0,0,0,0
v0,lamp,90,568,0,0,0,0
v0,lamp,90,569,0,0,0,0
v0,lamp,90,570,0,0,0,0
v0,lamp,90,571,0,0,0,0
v0,lamp,90,572,0,0,0,0
v0,lamp,90,573,0,0,0,0
v0,lamp,90,574,0,0,0,0
v0,lamp,90,575,0,0,0,0
v0,lamp,90,576,0,0,0,0
v0,lamp,90,577,0,0,0,0
v0,lamp,90,578,0,0,0,0
v0,lamp,90,579,0,0,0,0
v0,lamp,90,580,0,0,0,0
v0,lamp,90,581,0,0,0,0
v0,lamp,90,582,0,0,0,0
v0,lamp,90,583,0,0,0,0
v0,lamp,90,584,0,0,0,0
v0,lamp,90,585,0,0,0,0
v0,lamp,90,586,0,0,0,0
v0,lamp,90,587,0,0,0,0
v0,lamp,90,588,0,0,0,0
v0,lamp,90,589,0,0,0,0
v0,lamp,90,590,0,0,0,0
v0,lamp,90,591,0,0,0,0
v0,lamp,90,592,0,0,0,0
v0,lamp,90,593,0,0,0,0
v0,lamp,90,594,0,0,0,0
v0,lamp,90,595,0,0,0,0
v0,lamp,90,596,0,0,0,0
v0,lamp,90,597,0,0,0,0
v0,lamp,90,598,0,0,0,0
v0,lamp,90,599,0,0,0,0
v0,lamp,90,600,0,0,0,0
v0,lamp,90,601,0,0,0,0
v0,lamp,90,602,0,0,0,0
v0,lamp,90,603,0,0,0,0
v0,lamp,90,604,0,0,0,0
v0,lamp,90,605,0,0,0,0
v0,lamp,90,606,0,0,0,0
v0,lamp,90,607,0,0,0,0
v0,lamp,90,608,0,0,0,0
v0,lamp,90,609,0,0,0,0
v0,lamp,90,610,0,0,0,0
v0,lamp,90,611,0,0,0,0
v0,lamp,90,612,0,0,0,0
v0,lamp,90,613,0,0,0,0
v0,lamp,90,614,0,0,0,0
v0,lamp,90,615,0,0,0,0
v0,lamp,90,616,0,0,0,0
v0,lamp,90,617,0,0,0,0
v0,lamp,90,618,0,0,0,0
v0,lamp,90,619,0,0,0,0
v0,lamp,90,620,0,0,0,0
v0,lamp,90,621,0,0,0,0
v0,lamp,90,622,0,0,0,0
v0,lamp,90,623,0,0,0,0
v0,lamp,90,624,0,0,0,0
v0,lamp,90,625,0,0,0,0
v0,lamp,90,626,0,0,0,0
v0,lamp,90,627,0,0,0,0
v0,lamp,90,628,0,0,0,0
v0,lamp,90,629,0,0,0,0
v0,lamp,90,630,0,0,0,0
v0,lamp,90,631,0,0,0,0
v0,lamp,90,632,0,0,0,0
v0,lamp,90,633,0,0,0,0
v0,lamp,90,634,0,0,0,0
v0,lamp,90,635,0,0,0,0
v0,lamp,90,636,0,0,0,0
v0,lamp,90,637,0,0,0,0
v0,lamp,90,638,0,0,0,0
v0,lamp,90,639,0,0,0,0
v0,lamp,90,640,0,0,0,0
v0,lamp,90,641,0,0,0,0
v0,lamp,90,642,0,0,0,0
v0,lamp,90,643,0,0,0,0
v0,lamp,90,644,0,0,0,0
v0,lamp,90,645,0,0,0,0
v0,lamp,90,646,0,0,0,0
v0,lamp,90,647,0,0,0,0
v0,lamp,90,648,0,0,0,0
v0,lamp,90,649,0,0,0,0
v0,lamp,90,650,0,0,0,0
v0,lamp,90,651,0,0,0,0
v0,lamp,90,652,0,0,0,0
v0,lamp,90,653,0,0,0,0
v0,lamp,90,654,0,0,0,0
v0,lamp,90,655,0,0,0,0
v0,lamp,90,656,0,0,0,0
v0,lamp,90,657,0,0,0,0
v0,lamp,90,658,0,0,0,0
v0,lamp,90,659,0,0,0,0
v0,lamp,90,660,0,0,0,0
v0,lamp,90,661,0,0,0,0
v0,lamp,90,662,0,0,0,0
v0,lamp,90,663,0,0,0,0
v0,lamp,90,664,0,0,0,0
v0,lamp,90,665,0,0,0,0
v0,lamp,90,666,0,0,0,0
v0,lamp,90,667,0,0,0,0
v0,lamp,90,668,0,0,0,0
v0,lamp,90,669,0,0,0,0
v0,lamp,90,670,0,0,0,0
v0,lamp,90,671,0,0,0,0
v0,lamp,90,672,0,0,0,0
v0,lamp,90,673,0,0,0,0
v0,lamp,90,674,0,0,0,0
v0,lamp,90,675,0,0,0,0
v0,lamp,90,676,0,0,0,0
v0,lamp,90,677,0,0,0,0
v0,lamp,90,678,0,0,0,0
v0,lamp,90,679,0,0,0,0
v0,lamp,90,680,0,0,0,0
v0,lamp,90,681,0,0,0,0
v0,lamp,90,682,0,0,0,0
v0,lamp,90,683,0,0,0,0
v0,lamp,90,684,0,0,0,0
v0,lamp,90,685,0,0,0,0
v0,lamp,90,686,0,0,0,0
v0,lamp,90,687,0,0,0,0
v0,lamp,90,688,0,0,0,0
v0,lamp,90,689,0,0,0,0
v0,lamp,90,690,0,0,0,0
v0,lamp,90,691,0,0,0,0
v0,lamp,90,692,0,0,0,0
v0,lamp,90,693,0,0,0,0
v0,lamp,90,694,0,0,0,0
v0,lamp,90,695,0,0,0,0
v0,lamp,90,696,0,0,0,0
v0,lamp,90,697,0,0,0,0
v0,lamp,90,698,0,0,0,0
v0,lamp,90,699,0,0,0,0